timestamp,open,high,low,close,ticks
2026-01-09 00:00:00,6922.3,6923.5,6921.9,6923.5,170
2026-01-09 00:01:00,6923.8,6924.0,6922.5,6922.8,184
2026-01-09 00:02:00,6922.9,6923.7,6922.8,6923.0,204
2026-01-09 00:03:00,6923.3,6923.8,6923.0,6923.3,172
2026-01-09 00:04:00,6923.0,6923.0,6922.3,6922.8,110
2026-01-09 00:05:00,6922.7,6922.8,6922.3,6922.5,105
2026-01-09 00:06:00,6922.7,6924.0,6922.7,6923.3,127
2026-01-09 00:07:00,6923.5,6923.7,6923.3,6923.3,65
2026-01-09 00:08:00,6923.5,6924.0,6923.3,6923.4,103
2026-01-09 00:09:00,6923.3,6923.5,6922.8,6922.8,93
2026-01-09 00:10:00,6923.0,6923.3,6922.0,6923.0,130
2026-01-09 00:11:00,6923.3,6923.8,6923.0,6923.5,73
2026-01-09 00:12:00,6923.8,6924.0,6923.4,6923.7,141
2026-01-09 00:13:00,6923.8,6924.3,6923.8,6923.8,103
2026-01-09 00:14:00,6923.9,6924.5,6923.9,6924.5,106
2026-01-09 00:15:00,6924.3,6924.5,6923.5,6924.5,127
2026-01-09 00:16:00,6924.8,6925.0,6924.0,6924.3,92
2026-01-09 00:17:00,6924.0,6924.3,6924.0,6924.0,84
2026-01-09 00:18:00,6923.8,6924.3,6923.5,6924.0,59
2026-01-09 00:19:00,6924.1,6924.3,6923.9,6924.0,47
2026-01-09 00:20:00,6924.3,6924.3,6924.0,6924.0,61
2026-01-09 00:21:00,6924.3,6925.5,6924.3,6925.5,83
2026-01-09 00:22:00,6925.4,6925.8,6925.0,6925.8,50
2026-01-09 00:23:00,6925.5,6925.5,6924.8,6925.0,60
2026-01-09 00:24:00,6924.8,6924.8,6923.8,6923.8,36
2026-01-09 00:25:00,6923.5,6923.8,6923.0,6923.0,44
2026-01-09 00:26:00,6922.8,6922.9,6921.8,6922.0,53
2026-01-09 00:27:00,6921.8,6922.8,6921.8,6922.8,84
2026-01-09 00:28:00,6923.0,6923.3,6922.8,6923.3,34
2026-01-09 00:29:00,6923.0,6923.8,6923.0,6923.8,98
2026-01-09 00:30:00,6924.0,6924.3,6923.3,6924.0,120
2026-01-09 00:31:00,6923.8,6924.0,6923.8,6924.0,48
2026-01-09 00:32:00,6924.3,6925.0,6924.3,6924.5,67
2026-01-09 00:33:00,6924.7,6924.8,6924.5,6924.5,80
2026-01-09 00:34:00,6924.3,6924.3,6923.8,6923.8,61
2026-01-09 00:35:00,6924.0,6924.0,6923.5,6923.8,44
2026-01-09 00:36:00,6924.0,6924.3,6923.3,6924.3,51
2026-01-09 00:37:00,6924.0,6924.8,6924.0,6924.8,90
2026-01-09 00:38:00,6924.5,6925.0,6924.3,6924.8,51
2026-01-09 00:39:00,6924.9,6925.0,6924.5,6924.5,48
2026-01-09 00:40:00,6924.7,6924.7,6923.5,6923.5,106
2026-01-09 00:41:00,6923.4,6924.0,6923.3,6924.0,49
2026-01-09 00:42:00,6924.3,6925.0,6924.0,6924.8,111
2026-01-09 00:43:00,6924.5,6925.0,6924.0,6924.0,60
2026-01-09 00:44:00,6924.3,6925.0,6924.3,6925.0,49
2026-01-09 00:45:00,6924.8,6924.9,6924.0,6924.0,89
2026-01-09 00:46:00,6923.8,6924.0,6923.3,6923.3,27
2026-01-09 00:47:00,6923.0,6923.8,6922.8,6923.0,77
2026-01-09 00:48:00,6923.3,6923.8,6923.0,6923.3,86
2026-01-09 00:49:00,6923.5,6923.5,6923.3,6923.3,64
2026-01-09 00:50:00,6923.5,6923.7,6923.0,6923.5,108
2026-01-09 00:51:00,6923.3,6923.3,6922.5,6922.5,74
2026-01-09 00:52:00,6922.7,6922.8,6922.3,6922.5,47
2026-01-09 00:53:00,6922.6,6922.8,6922.0,6922.0,84
2026-01-09 00:54:00,6922.3,6922.3,6921.2,6921.2,53
2026-01-09 00:55:00,6921.3,6921.3,6920.5,6920.5,81
2026-01-09 00:56:00,6920.8,6920.8,6920.5,6920.5,11
2026-01-09 00:57:00,6920.8,6921.0,6920.5,6920.5,70
2026-01-09 00:58:00,6920.0,6920.5,6919.7,6920.5,64
2026-01-09 00:59:00,6920.3,6920.3,6919.5,6919.8,46
2026-01-09 01:00:00,6919.5,6921.0,6919.3,6919.9,166
2026-01-09 01:01:00,6919.8,6920.8,6919.8,6920.3,68
2026-01-09 01:02:00,6920.0,6920.5,6919.8,6920.5,116
2026-01-09 01:03:00,6920.8,6921.0,6920.5,6920.5,94
2026-01-09 01:04:00,6920.8,6920.8,6919.8,6920.0,60
2026-01-09 01:05:00,6919.9,6921.3,6919.9,6921.3,122
2026-01-09 01:06:00,6921.5,6921.5,6920.3,6920.8,135
2026-01-09 01:07:00,6920.9,6920.9,6919.8,6920.0,135
2026-01-09 01:08:00,6920.3,6920.3,6919.3,6920.3,147
2026-01-09 01:09:00,6920.0,6921.0,6920.0,6920.3,118
2026-01-09 01:10:00,6920.0,6920.5,6920.0,6920.3,57
2026-01-09 01:11:00,6920.0,6920.2,6919.5,6919.5,105
2026-01-09 01:12:00,6919.3,6920.0,6919.0,6919.8,91
2026-01-09 01:13:00,6919.5,6920.0,6919.3,6920.0,85
2026-01-09 01:14:00,6920.3,6920.3,6919.8,6919.8,19
2026-01-09 01:15:00,6919.7,6920.8,6919.5,6920.5,124
2026-01-09 01:16:00,6920.3,6920.3,6919.5,6920.0,80
2026-01-09 01:17:00,6919.8,6919.8,6919.3,6919.4,56
2026-01-09 01:18:00,6919.5,6919.5,6918.3,6918.5,89
2026-01-09 01:19:00,6918.3,6918.3,6917.3,6917.3,69
2026-01-09 01:20:00,6916.8,6917.3,6916.3,6916.8,153
2026-01-09 01:21:00,6917.0,6917.3,6916.2,6916.5,107
2026-01-09 01:22:00,6916.3,6916.5,6915.3,6915.8,138
2026-01-09 01:23:00,6915.5,6915.7,6914.8,6915.0,131
2026-01-09 01:24:00,6915.3,6915.5,6914.5,6915.3,204
2026-01-09 01:25:00,6915.0,6915.3,6914.8,6914.8,122
2026-01-09 01:26:00,6914.7,6915.0,6914.0,6914.5,158
2026-01-09 01:27:00,6914.4,6914.5,6913.8,6914.3,223
2026-01-09 01:28:00,6914.5,6915.0,6914.3,6914.7,94
2026-01-09 01:29:00,6914.5,6915.0,6914.5,6914.8,137
2026-01-09 01:30:00,6914.9,6915.3,6914.0,6914.0,240
2026-01-09 01:31:00,6913.8,6914.8,6913.8,6914.2,176
2026-01-09 01:32:00,6914.3,6915.3,6914.0,6915.0,165
2026-01-09 01:33:00,6914.8,6915.0,6914.4,6914.8,72
2026-01-09 01:34:00,6914.7,6914.8,6913.8,6913.8,134
2026-01-09 01:35:00,6913.9,6914.0,6913.5,6913.8,103
2026-01-09 01:36:00,6913.7,6914.0,6912.8,6913.0,168
2026-01-09 01:37:00,6912.8,6913.3,6912.8,6913.3,113
2026-01-09 01:38:00,6913.5,6913.5,6913.0,6913.3,110
2026-01-09 01:39:00,6913.0,6913.8,6913.0,6913.5,68
2026-01-09 01:40:00,6913.3,6913.8,6913.0,6913.5,78
2026-01-09 01:41:00,6913.8,6913.8,6913.0,6913.4,64
2026-01-09 01:42:00,6913.5,6913.8,6913.3,6913.5,63
2026-01-09 01:43:00,6913.4,6913.8,6913.0,6913.5,92
2026-01-09 01:44:00,6913.8,6914.5,6913.5,6914.0,106
2026-01-09 01:45:00,6913.9,6914.3,6913.8,6914.0,68
2026-01-09 01:46:00,6914.3,6914.8,6914.0,6914.8,45
2026-01-09 01:47:00,6914.5,6914.8,6914.0,6914.5,73
2026-01-09 01:48:00,6914.7,6915.3,6914.3,6915.0,111
2026-01-09 01:49:00,6915.3,6915.8,6915.1,6915.5,95
2026-01-09 01:50:00,6915.3,6915.5,6914.5,6914.8,81
2026-01-09 01:51:00,6914.7,6915.5,6914.7,6915.0,90
2026-01-09 01:52:00,6915.3,6915.3,6915.0,6915.0,47
2026-01-09 01:53:00,6915.3,6915.5,6915.0,6915.5,60
2026-01-09 01:54:00,6915.8,6916.3,6915.5,6915.8,53
2026-01-09 01:55:00,6916.0,6916.0,6915.8,6916.0,27
2026-01-09 01:56:00,6915.8,6916.3,6915.8,6915.8,60
2026-01-09 01:57:00,6916.0,6916.5,6915.8,6916.3,89
2026-01-09 01:58:00,6916.1,6916.3,6915.8,6916.0,93
2026-01-09 01:59:00,6915.8,6916.3,6915.8,6916.3,70
2026-01-09 02:00:00,6916.0,6916.5,6916.0,6916.0,83
2026-01-09 02:01:00,6916.3,6916.7,6916.0,6916.7,59
2026-01-09 02:02:00,6916.6,6917.3,6916.5,6916.8,87
2026-01-09 02:03:00,6917.0,6917.8,6917.0,6917.8,40
2026-01-09 02:04:00,6917.5,6918.0,6916.8,6917.0,85
2026-01-09 02:05:00,6916.8,6916.8,6916.3,6916.8,70
2026-01-09 02:06:00,6916.5,6916.5,6915.7,6916.0,39
2026-01-09 02:07:00,6915.8,6916.3,6915.3,6916.3,86
2026-01-09 02:08:00,6916.5,6917.0,6916.3,6916.5,98
2026-01-09 02:09:00,6916.3,6917.3,6916.3,6917.3,45
2026-01-09 02:10:00,6917.5,6917.5,6917.3,6917.5,27
2026-01-09 02:11:00,6917.4,6917.4,6916.5,6916.8,73
2026-01-09 02:12:00,6916.5,6916.7,6916.0,6916.3,46
2026-01-09 02:13:00,6916.5,6916.5,6916.5,6916.5,7
2026-01-09 02:14:00,6916.8,6917.0,6916.4,6916.5,81
2026-01-09 02:15:00,6916.3,6916.8,6916.3,6916.8,64
2026-01-09 02:16:00,6917.0,6917.3,6916.8,6917.0,53
2026-01-09 02:17:00,6917.3,6917.5,6917.0,6917.5,30
2026-01-09 02:18:00,6917.3,6918.0,6917.3,6917.3,108
2026-01-09 02:19:00,6917.5,6919.8,6917.5,6919.8,105
2026-01-09 02:20:00,6919.5,6920.0,6919.0,6919.0,72
2026-01-09 02:21:00,6919.3,6919.5,6918.7,6918.7,68
2026-01-09 02:22:00,6918.5,6919.5,6918.5,6919.3,50
2026-01-09 02:23:00,6919.5,6920.8,6919.5,6920.5,100
2026-01-09 02:24:00,6920.8,6921.5,6920.5,6920.8,122
2026-01-09 02:25:00,6920.5,6921.5,6920.3,6921.3,68
2026-01-09 02:26:00,6921.4,6922.0,6921.3,6922.0,114
2026-01-09 02:27:00,6921.9,6921.9,6921.7,6921.8,30
2026-01-09 02:28:00,6922.0,6922.5,6921.8,6922.3,98
2026-01-09 02:29:00,6922.5,6922.5,6921.8,6921.8,70
2026-01-09 02:30:00,6922.0,6922.0,6921.3,6921.8,87
2026-01-09 02:31:00,6922.0,6922.0,6921.5,6921.8,49
2026-01-09 02:32:00,6921.9,6922.0,6921.5,6921.8,31
2026-01-09 02:33:00,6921.5,6921.8,6921.2,6921.8,45
2026-01-09 02:34:00,6922.0,6922.2,6921.5,6921.5,70
2026-01-09 02:35:00,6921.8,6921.8,6921.3,6921.8,37
2026-01-09 02:36:00,6921.5,6921.5,6920.3,6920.8,62
2026-01-09 02:37:00,6921.0,6921.0,6920.5,6920.5,42
2026-01-09 02:38:00,6920.4,6920.8,6919.8,6919.8,102
2026-01-09 02:39:00,6920.0,6920.3,6920.0,6920.0,34
2026-01-09 02:40:00,6919.9,6919.9,6919.3,6919.8,61
2026-01-09 02:41:00,6920.0,6920.7,6920.0,6920.5,48
2026-01-09 02:42:00,6920.3,6920.3,6920.0,6920.3,51
2026-01-09 02:43:00,6920.5,6921.0,6920.2,6921.0,78
2026-01-09 02:44:00,6921.3,6922.0,6921.3,6922.0,48
2026-01-09 02:45:00,6922.3,6922.8,6922.0,6922.8,76
2026-01-09 02:46:00,6923.0,6923.0,6922.3,6922.3,94
2026-01-09 02:47:00,6922.5,6922.5,6922.3,6922.5,48
2026-01-09 02:48:00,6922.3,6922.3,6922.2,6922.2,11
2026-01-09 02:49:00,6922.3,6922.5,6921.5,6921.5,28
2026-01-09 02:50:00,6921.3,6921.8,6921.3,6921.5,46
2026-01-09 02:51:00,6921.7,6921.8,6921.5,6921.8,61
2026-01-09 02:52:00,6922.0,6922.3,6922.0,6922.0,17
2026-01-09 02:53:00,6922.1,6922.3,6921.3,6921.3,58
2026-01-09 02:54:00,6921.5,6921.5,6920.7,6920.8,92
2026-01-09 02:55:00,6920.7,6920.8,6920.0,6920.3,67
2026-01-09 02:56:00,6920.0,6920.8,6920.0,6920.8,65
2026-01-09 02:57:00,6920.5,6920.8,6920.5,6920.5,37
2026-01-09 02:58:00,6920.8,6920.8,6920.3,6920.3,17
2026-01-09 02:59:00,6920.5,6921.0,6920.5,6921.0,58
2026-01-09 03:00:00,6920.8,6920.8,6920.5,6920.8,26
2026-01-09 03:01:00,6920.5,6921.0,6920.2,6920.5,100
2026-01-09 03:02:00,6920.3,6920.4,6920.0,6920.0,84
2026-01-09 03:03:00,6919.8,6920.0,6919.8,6920.0,33
2026-01-09 03:04:00,6919.8,6920.0,6919.8,6919.8,52
2026-01-09 03:05:00,6919.5,6919.5,6918.8,6919.5,108
2026-01-09 03:06:00,6919.8,6920.3,6919.8,6920.3,68
2026-01-09 03:07:00,6920.5,6920.8,6920.3,6920.3,70
2026-01-09 03:08:00,6920.5,6921.3,6920.3,6921.3,81
2026-01-09 03:09:00,6921.0,6921.0,6920.3,6920.3,44
2026-01-09 03:10:00,6920.4,6920.8,6920.3,6920.8,44
2026-01-09 03:11:00,6921.0,6921.0,6920.8,6920.8,19
2026-01-09 03:12:00,6921.0,6921.5,6921.0,6921.5,75
2026-01-09 03:13:00,6921.3,6921.5,6921.0,6921.3,51
2026-01-09 03:14:00,6921.0,6921.1,6920.8,6921.0,45
2026-01-09 03:15:00,6920.8,6921.0,6920.8,6921.0,44
2026-01-09 03:16:00,6920.8,6921.3,6920.8,6921.3,23
2026-01-09 03:17:00,6921.5,6921.5,6921.3,6921.5,59
2026-01-09 03:18:00,6921.3,6921.5,6921.0,6921.3,38
2026-01-09 03:19:00,6921.0,6922.0,6921.0,6921.5,63
2026-01-09 03:20:00,6921.8,6921.8,6921.5,6921.5,61
2026-01-09 03:21:00,6921.8,6922.0,6921.8,6922.0,28
2026-01-09 03:22:00,6921.8,6921.8,6921.3,6921.3,68
2026-01-09 03:23:00,6921.2,6921.2,6920.3,6920.3,38
2026-01-09 03:24:00,6920.0,6920.0,6919.3,6919.5,45
2026-01-09 03:25:00,6919.3,6920.3,6919.3,6920.3,79
2026-01-09 03:26:00,6920.1,6920.3,6919.4,6919.5,46
2026-01-09 03:27:00,6919.8,6919.8,6919.3,6919.8,48
2026-01-09 03:28:00,6919.5,6919.8,6919.5,6919.8,12
2026-01-09 03:29:00,6919.7,6919.8,6919.3,6919.5,149
2026-01-09 03:30:00,6919.3,6920.0,6919.3,6919.7,134
2026-01-09 03:31:00,6919.5,6920.0,6919.3,6919.3,109
2026-01-09 03:32:00,6919.5,6920.3,6919.3,6920.0,78
2026-01-09 03:33:00,6920.3,6920.3,6919.3,6919.3,44
2026-01-09 03:34:00,6919.0,6919.3,6918.3,6919.3,136
2026-01-09 03:35:00,6919.5,6920.0,6919.5,6920.0,15
2026-01-09 03:36:00,6920.1,6920.5,6919.8,6920.5,54
2026-01-09 03:37:00,6920.8,6920.8,6920.3,6920.3,56
2026-01-09 03:38:00,6920.5,6920.5,6919.5,6919.8,61
2026-01-09 03:39:00,6919.7,6919.8,6919.3,6919.8,65
2026-01-09 03:40:00,6919.5,6920.0,6919.5,6920.0,69
2026-01-09 03:41:00,6919.8,6919.8,6919.3,6919.5,29
2026-01-09 03:42:00,6919.3,6920.0,6919.3,6919.8,75
2026-01-09 03:43:00,6920.0,6920.0,6919.8,6919.8,67
2026-01-09 03:44:00,6919.9,6920.5,6919.8,6920.5,45
2026-01-09 03:45:00,6921.0,6921.0,6920.8,6920.8,43
2026-01-09 03:46:00,6920.5,6920.5,6919.8,6920.3,56
2026-01-09 03:47:00,6920.0,6920.0,6919.5,6919.5,34
2026-01-09 03:48:00,6919.7,6920.3,6919.7,6920.0,52
2026-01-09 03:49:00,6919.8,6919.8,6919.5,6919.5,12
2026-01-09 03:50:00,6919.4,6919.5,6919.2,6919.3,29
2026-01-09 03:51:00,6919.4,6919.5,6919.0,6919.5,34
2026-01-09 03:52:00,6919.3,6919.5,6919.0,6919.5,76
2026-01-09 03:53:00,6919.3,6919.5,6918.5,6919.3,65
2026-01-09 03:54:00,6919.4,6919.5,6919.3,6919.5,17
2026-01-09 03:55:00,6919.8,6919.8,6919.5,6919.8,54
2026-01-09 03:56:00,6920.0,6920.3,6919.5,6920.3,43
2026-01-09 03:57:00,6920.2,6920.3,6919.8,6920.0,64
2026-01-09 03:58:00,6920.3,6920.3,6919.8,6919.8,26
2026-01-09 03:59:00,6920.0,6920.0,6919.0,6919.3,51
2026-01-09 04:00:00,6919.5,6919.8,6919.3,6919.6,81
2026-01-09 04:01:00,6919.8,6920.3,6919.3,6919.3,63
2026-01-09 04:02:00,6919.5,6919.5,6918.2,6918.8,85
2026-01-09 04:03:00,6918.3,6918.3,6917.8,6918.0,39
2026-01-09 04:04:00,6917.8,6918.0,6917.3,6917.8,38
2026-01-09 04:05:00,6918.0,6918.5,6918.0,6918.0,29
2026-01-09 04:06:00,6918.3,6918.4,6918.0,6918.3,25
2026-01-09 04:07:00,6918.5,6918.5,6918.0,6918.0,51
2026-01-09 04:08:00,6918.3,6918.7,6918.0,6918.0,51
2026-01-09 04:09:00,6917.8,6917.8,6917.3,6917.5,72
2026-01-09 04:10:00,6917.8,6917.8,6917.5,6917.5,35
2026-01-09 04:11:00,6917.3,6918.0,6917.3,6918.0,30
2026-01-09 04:12:00,6918.3,6918.3,6918.0,6918.3,51
2026-01-09 04:13:00,6918.2,6918.5,6918.2,6918.3,21
2026-01-09 04:14:00,6918.5,6918.5,6918.0,6918.0,17
2026-01-09 04:15:00,6918.3,6918.3,6917.3,6917.3,36
2026-01-09 04:16:00,6917.2,6917.3,6917.0,6917.0,43
2026-01-09 04:17:00,6917.3,6917.5,6917.3,6917.3,29
2026-01-09 04:18:00,6917.0,6917.5,6917.0,6917.5,21
2026-01-09 04:19:00,6917.3,6917.8,6917.3,6917.3,40
2026-01-09 04:20:00,6917.0,6917.3,6917.0,6917.0,46
2026-01-09 04:21:00,6917.3,6917.3,6917.3,6917.3,7
2026-01-09 04:22:00,6917.5,6917.5,6916.3,6916.5,68
2026-01-09 04:23:00,6916.8,6916.8,6916.5,6916.5,39
2026-01-09 04:24:00,6916.3,6916.5,6916.3,6916.5,44
2026-01-09 04:25:00,6916.8,6917.8,6916.8,6917.8,71
2026-01-09 04:26:00,6918.0,6918.3,6918.0,6918.3,22
2026-01-09 04:27:00,6918.5,6918.8,6918.3,6918.3,30
2026-01-09 04:28:00,6918.5,6918.8,6918.3,6918.3,27
2026-01-09 04:30:00,6918.2,6919.0,6918.0,6918.8,48
2026-01-09 04:31:00,6919.0,6919.5,6919.0,6919.3,55
2026-01-09 04:32:00,6919.1,6919.1,6918.4,6918.8,48
2026-01-09 04:33:00,6919.0,6919.0,6918.3,6918.3,42
2026-01-09 04:34:00,6918.5,6918.8,6918.0,6918.3,86
2026-01-09 04:35:00,6918.5,6918.8,6918.3,6918.3,60
2026-01-09 04:36:00,6918.5,6918.8,6918.3,6918.5,39
2026-01-09 04:37:00,6918.8,6919.3,6918.5,6919.3,39
2026-01-09 04:38:00,6919.2,6919.3,6919.0,6919.0,31
2026-01-09 04:39:00,6918.8,6919.1,6918.8,6918.8,52
2026-01-09 04:40:00,6918.5,6919.0,6918.5,6919.0,26
2026-01-09 04:41:00,6919.3,6919.3,6919.0,6919.3,28
2026-01-09 04:42:00,6919.0,6919.0,6918.5,6918.8,58
2026-01-09 04:43:00,6919.0,6919.0,6918.3,6918.3,23
2026-01-09 04:44:00,6918.5,6918.8,6918.3,6918.8,19
2026-01-09 04:45:00,6919.0,6919.0,6919.0,6919.0,7
2026-01-09 04:46:00,6918.8,6918.8,6918.5,6918.5,33
2026-01-09 04:47:00,6918.3,6918.5,6918.3,6918.5,56
2026-01-09 04:48:00,6918.6,6918.6,6918.0,6918.0,48
2026-01-09 04:49:00,6918.1,6918.3,6918.0,6918.3,40
2026-01-09 04:50:00,6918.4,6918.6,6917.8,6918.5,49
2026-01-09 04:51:00,6918.8,6919.1,6918.5,6919.0,47
2026-01-09 04:52:00,6919.3,6919.8,6919.3,6919.8,28
2026-01-09 04:53:00,6920.0,6920.5,6920.0,6920.3,49
2026-01-09 04:54:00,6920.1,6920.1,6919.8,6920.0,26
2026-01-09 04:55:00,6919.8,6920.0,6919.5,6919.5,81
2026-01-09 04:56:00,6919.8,6919.8,6919.5,6919.5,24
2026-01-09 04:57:00,6919.8,6920.3,6919.8,6920.0,21
2026-01-09 04:58:00,6920.3,6920.3,6919.8,6919.8,27
2026-01-09 04:59:00,6919.5,6919.8,6919.5,6919.8,11
2026-01-09 05:00:00,6920.0,6920.8,6919.8,6920.8,86
2026-01-09 05:01:00,6921.0,6921.5,6921.0,6921.5,51
2026-01-09 05:02:00,6921.4,6921.5,6920.5,6920.8,116
2026-01-09 05:03:00,6920.5,6920.7,6919.5,6919.5,82
2026-01-09 05:04:00,6919.4,6920.2,6919.4,6920.0,109
2026-01-09 05:05:00,6919.8,6920.0,6919.5,6920.0,55
2026-01-09 05:06:00,6919.8,6920.0,6919.5,6919.5,71
2026-01-09 05:07:00,6919.8,6920.3,6919.8,6920.3,70
2026-01-09 05:08:00,6920.5,6921.3,6920.5,6921.0,78
2026-01-09 05:09:00,6920.9,6921.5,6920.9,6921.2,120
2026-01-09 05:10:00,6921.0,6921.0,6920.5,6920.8,58
2026-01-09 05:11:00,6920.5,6920.8,6920.3,6920.8,44
2026-01-09 05:12:00,6920.7,6920.8,6920.0,6920.0,97
2026-01-09 05:13:00,6920.3,6920.3,6919.8,6920.0,100
2026-01-09 05:14:00,6920.3,6920.3,6919.8,6919.8,56
2026-01-09 05:15:00,6919.7,6919.8,6919.3,6919.3,35
2026-01-09 05:16:00,6919.5,6920.0,6919.0,6919.0,127
2026-01-09 05:17:00,6919.3,6919.8,6919.0,6919.5,76
2026-01-09 05:18:00,6919.3,6919.3,6918.9,6919.3,87
2026-01-09 05:19:00,6919.5,6920.0,6919.3,6919.8,32
2026-01-09 05:20:00,6920.0,6920.0,6919.8,6920.0,30
2026-01-09 05:21:00,6920.2,6920.3,6919.5,6919.8,49
2026-01-09 05:22:00,6919.5,6920.0,6919.5,6920.0,60
2026-01-09 05:23:00,6919.8,6920.0,6919.3,6919.3,85
2026-01-09 05:24:00,6919.0,6919.8,6919.0,6919.8,71
2026-01-09 05:25:00,6919.5,6920.0,6919.5,6920.0,57
2026-01-09 05:26:00,6919.8,6920.0,6919.5,6919.5,38
2026-01-09 05:27:00,6919.4,6920.0,6919.4,6919.8,49
2026-01-09 05:28:00,6920.0,6920.0,6919.5,6919.8,20
2026-01-09 05:29:00,6919.9,6920.3,6919.8,6920.0,95
2026-01-09 05:30:00,6920.3,6920.3,6919.3,6919.3,61
2026-01-09 05:31:00,6919.5,6919.5,6918.8,6918.9,63
2026-01-09 05:32:00,6918.8,6919.0,6918.5,6918.5,82
2026-01-09 05:33:00,6919.0,6919.3,6918.8,6919.0,47
2026-01-09 05:34:00,6918.8,6919.2,6918.8,6918.8,27
2026-01-09 05:35:00,6919.0,6919.0,6918.5,6918.8,68
2026-01-09 05:36:00,6918.5,6918.8,6918.3,6918.3,67
2026-01-09 05:37:00,6918.0,6918.3,6917.3,6917.5,73
2026-01-09 05:38:00,6917.8,6917.8,6917.3,6917.6,126
2026-01-09 05:39:00,6917.8,6917.8,6917.5,6917.8,87
2026-01-09 05:40:00,6918.0,6918.8,6917.8,6918.8,55
2026-01-09 05:41:00,6918.5,6919.0,6918.4,6919.0,49
2026-01-09 05:42:00,6919.3,6919.3,6918.3,6918.4,61
2026-01-09 05:43:00,6918.5,6918.8,6918.3,6918.3,75
2026-01-09 05:44:00,6918.0,6918.3,6918.0,6918.0,54
2026-01-09 05:45:00,6918.3,6918.4,6918.0,6918.3,107
2026-01-09 05:46:00,6918.5,6918.5,6917.8,6918.0,39
2026-01-09 05:47:00,6917.8,6918.3,6917.8,6918.0,34
2026-01-09 05:48:00,6918.3,6918.3,6918.0,6918.0,11
2026-01-09 05:49:00,6917.8,6918.0,6917.5,6917.5,31
2026-01-09 05:50:00,6917.3,6917.7,6917.0,6917.5,53
2026-01-09 05:51:00,6917.4,6917.5,6917.3,6917.5,46
2026-01-09 05:52:00,6917.3,6917.5,6917.3,6917.5,58
2026-01-09 05:53:00,6917.3,6917.5,6917.3,6917.5,21
2026-01-09 05:54:00,6917.8,6918.0,6917.5,6917.8,30
2026-01-09 05:55:00,6918.0,6919.0,6917.8,6919.0,66
2026-01-09 05:56:00,6919.1,6921.0,6919.1,6921.0,69
2026-01-09 05:57:00,6920.8,6921.8,6920.8,6920.8,77
2026-01-09 05:58:00,6920.7,6921.8,6920.7,6921.8,79
2026-01-09 05:59:00,6921.5,6921.8,6921.3,6921.3,22
2026-01-09 06:00:00,6921.5,6923.0,6921.5,6922.3,160
2026-01-09 06:01:00,6922.4,6922.4,6921.9,6922.0,66
2026-01-09 06:02:00,6921.8,6922.0,6921.3,6921.3,63
2026-01-09 06:03:00,6921.4,6921.4,6921.0,6921.3,33
2026-01-09 06:04:00,6921.5,6921.9,6921.3,6921.3,41
2026-01-09 06:05:00,6921.4,6921.5,6920.8,6920.8,93
2026-01-09 06:06:00,6920.5,6920.5,6920.3,6920.5,41
2026-01-09 06:07:00,6920.3,6920.4,6920.0,6920.0,48
2026-01-09 06:08:00,6919.9,6920.3,6919.8,6920.0,47
2026-01-09 06:09:00,6919.8,6920.4,6919.8,6920.0,70
2026-01-09 06:10:00,6920.2,6920.3,6919.8,6919.8,65
2026-01-09 06:11:00,6920.0,6920.0,6919.0,6919.0,58
2026-01-09 06:12:00,6918.8,6918.8,6918.5,6918.5,21
2026-01-09 06:13:00,6918.3,6919.0,6917.8,6919.0,59
2026-01-09 06:14:00,6918.8,6919.3,6918.8,6919.2,128
2026-01-09 06:15:00,6919.0,6919.5,6918.8,6919.5,94
2026-01-09 06:16:00,6919.3,6919.5,6919.0,6919.0,64
2026-01-09 06:17:00,6918.8,6919.0,6918.5,6919.0,27
2026-01-09 06:18:00,6918.8,6918.8,6918.3,6918.3,27
2026-01-09 06:19:00,6918.5,6918.7,6918.5,6918.5,54
2026-01-09 06:20:00,6918.8,6919.0,6918.5,6919.0,48
2026-01-09 06:21:00,6918.8,6919.3,6918.7,6919.3,49
2026-01-09 06:22:00,6919.2,6919.2,6918.7,6918.8,59
2026-01-09 06:23:00,6918.5,6918.8,6918.5,6918.8,8
2026-01-09 06:24:00,6918.9,6919.0,6918.8,6919.0,30
2026-01-09 06:25:00,6918.8,6919.3,6918.5,6919.0,67
2026-01-09 06:26:00,6918.9,6919.2,6918.5,6918.5,53
2026-01-09 06:27:00,6918.3,6918.8,6918.3,6918.8,17
2026-01-09 06:28:00,6919.0,6919.8,6918.8,6919.5,46
2026-01-09 06:29:00,6919.3,6919.3,6919.0,6919.3,29
2026-01-09 06:30:00,6919.5,6921.3,6919.3,6921.3,96
2026-01-09 06:31:00,6921.0,6921.0,6919.9,6920.0,62
2026-01-09 06:32:00,6920.3,6921.0,6920.3,6921.0,35
2026-01-09 06:33:00,6921.3,6921.5,6920.9,6921.2,72
2026-01-09 06:34:00,6921.3,6922.3,6921.3,6922.3,84
2026-01-09 06:35:00,6922.2,6922.4,6921.8,6922.0,85
2026-01-09 06:36:00,6922.3,6922.3,6921.8,6922.0,31
2026-01-09 06:37:00,6922.3,6922.8,6922.3,6922.4,32
2026-01-09 06:38:00,6922.3,6922.5,6922.0,6922.0,19
2026-01-09 06:39:00,6922.3,6922.8,6922.0,6922.8,29
2026-01-09 06:40:00,6922.5,6922.5,6922.0,6922.3,26
2026-01-09 06:41:00,6922.5,6922.5,6922.3,6922.3,11
2026-01-09 06:42:00,6922.5,6922.8,6922.5,6922.5,22
2026-01-09 06:43:00,6922.3,6922.5,6922.0,6922.5,20
2026-01-09 06:44:00,6922.7,6922.8,6922.5,6922.5,16
2026-01-09 06:45:00,6922.3,6923.0,6922.3,6923.0,27
2026-01-09 06:46:00,6923.3,6923.3,6923.3,6923.3,5
2026-01-09 06:47:00,6923.5,6923.5,6923.3,6923.3,10
2026-01-09 06:48:00,6923.5,6923.5,6923.0,6923.4,28
2026-01-09 06:49:00,6923.5,6923.7,6923.2,6923.3,31
2026-01-09 06:50:00,6923.0,6923.0,6922.3,6922.5,28
2026-01-09 06:51:00,6922.3,6922.5,6921.8,6922.0,35
2026-01-09 06:52:00,6922.3,6922.3,6922.0,6922.0,20
2026-01-09 06:53:00,6922.3,6922.3,6921.3,6921.8,49
2026-01-09 06:54:00,6921.7,6922.0,6921.5,6922.0,37
2026-01-09 06:55:00,6921.8,6921.8,6921.5,6921.8,16
2026-01-09 06:56:00,6922.0,6922.0,6921.8,6921.8,31
2026-01-09 06:57:00,6921.5,6921.8,6921.5,6921.5,29
2026-01-09 06:58:00,6921.3,6921.5,6921.3,6921.5,24
2026-01-09 06:59:00,6921.7,6921.8,6921.7,6921.8,11
2026-01-09 07:00:00,6921.9,6922.0,6921.0,6921.2,64
2026-01-09 07:01:00,6921.3,6921.8,6921.0,6921.5,65
2026-01-09 07:02:00,6921.3,6921.3,6921.0,6921.0,29
2026-01-09 07:03:00,6921.3,6921.3,6921.0,6921.0,13
2026-01-09 07:04:00,6920.5,6921.3,6920.3,6921.0,76
2026-01-09 07:05:00,6920.8,6921.0,6920.8,6920.8,46
2026-01-09 07:06:00,6921.0,6921.3,6920.3,6920.6,41
2026-01-09 07:07:00,6920.3,6920.4,6919.8,6919.8,42
2026-01-09 07:08:00,6920.1,6920.8,6919.8,6919.8,33
2026-01-09 07:09:00,6920.1,6920.8,6920.1,6920.6,39
2026-01-09 07:10:00,6920.8,6921.3,6920.3,6921.1,88
2026-01-09 07:11:00,6921.2,6921.2,6920.3,6920.6,63
2026-01-09 07:12:00,6920.7,6920.8,6920.3,6920.3,42
2026-01-09 07:13:00,6920.4,6920.8,6920.3,6920.8,36
2026-01-09 07:14:00,6921.1,6921.1,6920.7,6920.7,58
2026-01-09 07:15:00,6920.6,6920.8,6920.1,6920.6,93
2026-01-09 07:16:00,6920.3,6920.6,6919.8,6919.8,69
2026-01-09 07:17:00,6919.6,6920.3,6919.6,6920.1,88
2026-01-09 07:18:00,6919.9,6920.1,6918.8,6918.8,60
2026-01-09 07:19:00,6918.7,6918.8,6918.3,6918.3,25
2026-01-09 07:20:00,6918.6,6918.6,6917.3,6917.3,49
2026-01-09 07:21:00,6917.2,6917.6,6917.1,6917.1,74
2026-01-09 07:22:00,6917.3,6917.6,6916.6,6916.8,64
2026-01-09 07:23:00,6916.7,6916.9,6916.3,6916.8,73
2026-01-09 07:24:00,6917.1,6917.3,6916.6,6916.6,49
2026-01-09 07:25:00,6916.3,6916.8,6916.1,6916.3,73
2026-01-09 07:26:00,6916.1,6916.3,6915.6,6915.6,50
2026-01-09 07:27:00,6915.8,6915.8,6915.1,6915.8,62
2026-01-09 07:28:00,6916.1,6916.6,6915.8,6915.8,72
2026-01-09 07:29:00,6916.1,6916.1,6915.6,6916.1,38
2026-01-09 07:30:00,6915.9,6915.9,6914.8,6915.6,80
2026-01-09 07:31:00,6915.7,6915.7,6915.1,6915.1,22
2026-01-09 07:32:00,6915.2,6915.6,6914.9,6915.6,62
2026-01-09 07:33:00,6916.1,6916.1,6915.8,6916.1,32
2026-01-09 07:34:00,6915.8,6916.4,6915.8,6916.1,40
2026-01-09 07:35:00,6916.3,6916.8,6916.1,6916.8,35
2026-01-09 07:36:00,6917.1,6917.1,6916.3,6916.6,57
2026-01-09 07:37:00,6916.8,6917.3,6916.4,6917.3,66
2026-01-09 07:38:00,6917.6,6917.8,6917.1,6917.8,32
2026-01-09 07:39:00,6917.6,6918.3,6917.6,6918.1,64
2026-01-09 07:40:00,6918.3,6918.6,6918.1,6918.1,54
2026-01-09 07:41:00,6917.8,6918.3,6917.8,6918.3,17
2026-01-09 07:42:00,6918.2,6919.1,6918.2,6918.6,46
2026-01-09 07:43:00,6918.8,6919.1,6918.8,6918.8,24
2026-01-09 07:44:00,6918.6,6918.6,6918.3,6918.3,44
2026-01-09 07:45:00,6918.1,6918.8,6918.1,6918.4,66
2026-01-09 07:46:00,6918.6,6918.6,6918.3,6918.6,65
2026-01-09 07:47:00,6919.1,6919.6,6919.1,6919.6,24
2026-01-09 07:48:00,6919.8,6920.3,6919.3,6919.3,82
2026-01-09 07:49:00,6919.6,6919.6,6918.8,6918.8,50
2026-01-09 07:50:00,6919.1,6919.3,6918.8,6918.8,23
2026-01-09 07:51:00,6918.3,6919.3,6918.3,6919.0,97
2026-01-09 07:52:00,6918.9,6919.6,6918.8,6919.6,59
2026-01-09 07:53:00,6919.8,6920.1,6919.8,6920.1,55
2026-01-09 07:54:00,6920.2,6920.6,6920.1,6920.1,56
2026-01-09 07:55:00,6919.9,6919.9,6919.6,6919.8,44
2026-01-09 07:56:00,6920.1,6920.6,6919.9,6920.3,58
2026-01-09 07:57:00,6920.4,6920.7,6920.2,6920.2,31
2026-01-09 07:58:00,6920.1,6920.1,6919.3,6919.8,54
2026-01-09 07:59:00,6919.6,6919.6,6919.1,6919.3,96
2026-01-09 08:00:00,6919.6,6920.3,6918.8,6919.8,295
2026-01-09 08:01:00,6919.6,6920.8,6919.6,6920.8,244
2026-01-09 08:02:00,6920.9,6922.1,6920.8,6921.3,200
2026-01-09 08:03:00,6921.1,6921.1,6920.3,6920.6,218
2026-01-09 08:04:00,6920.3,6920.3,6919.3,6919.6,136
2026-01-09 08:05:00,6919.3,6920.1,6919.3,6920.1,176
2026-01-09 08:06:00,6919.8,6920.7,6919.6,6920.7,142
2026-01-09 08:07:00,6920.8,6922.8,6920.6,6922.8,219
2026-01-09 08:08:00,6922.7,6922.8,6922.1,6922.3,130
2026-01-09 08:09:00,6922.4,6922.8,6922.3,6922.8,128
2026-01-09 08:10:00,6922.7,6923.3,6922.6,6923.1,110
2026-01-09 08:11:00,6922.8,6922.8,6921.5,6922.3,139
2026-01-09 08:12:00,6922.6,6922.8,6922.1,6922.7,128
2026-01-09 08:13:00,6922.8,6923.8,6922.6,6923.8,166
2026-01-09 08:14:00,6923.6,6923.7,6921.8,6922.1,155
2026-01-09 08:15:00,6922.3,6923.1,6921.8,6922.6,180
2026-01-09 08:16:00,6922.5,6923.6,6922.3,6923.4,179
2026-01-09 08:17:00,6923.3,6923.8,6923.2,6923.3,162
2026-01-09 08:18:00,6923.1,6923.2,6921.9,6922.8,196
2026-01-09 08:19:00,6923.1,6923.3,6922.6,6923.1,166
2026-01-09 08:20:00,6923.3,6923.3,6922.3,6922.9,180
2026-01-09 08:21:00,6922.8,6922.8,6922.1,6922.3,143
2026-01-09 08:22:00,6922.4,6922.7,6921.3,6921.8,206
2026-01-09 08:23:00,6921.3,6921.6,6920.8,6921.3,172
2026-01-09 08:24:00,6921.4,6921.8,6920.6,6920.6,109
2026-01-09 08:25:00,6920.3,6921.3,6920.1,6920.4,165
2026-01-09 08:26:00,6920.3,6921.1,6920.2,6920.3,186
2026-01-09 08:27:00,6920.1,6921.3,6920.1,6921.3,144
2026-01-09 08:28:00,6921.5,6921.7,6921.3,6921.3,109
2026-01-09 08:29:00,6921.1,6921.3,6920.3,6920.3,154
2026-01-09 08:30:00,6920.6,6921.1,6918.8,6919.1,160
2026-01-09 08:31:00,6918.8,6918.8,6917.2,6917.6,160
2026-01-09 08:32:00,6917.8,6918.1,6916.6,6917.3,129
2026-01-09 08:33:00,6917.6,6917.8,6916.6,6917.1,173
2026-01-09 08:34:00,6916.9,6917.7,6916.8,6917.6,134
2026-01-09 08:35:00,6917.8,6920.1,6917.8,6920.1,208
2026-01-09 08:36:00,6919.9,6920.4,6919.3,6919.8,197
2026-01-09 08:37:00,6919.7,6920.1,6919.3,6919.7,109
2026-01-09 08:38:00,6919.8,6919.8,6919.1,6919.6,154
2026-01-09 08:39:00,6919.8,6920.6,6919.8,6920.3,118
2026-01-09 08:40:00,6920.4,6921.1,6920.1,6920.6,127
2026-01-09 08:41:00,6920.8,6921.3,6920.6,6921.3,167
2026-01-09 08:42:00,6921.2,6921.3,6920.3,6920.6,105
2026-01-09 08:43:00,6920.7,6920.8,6920.3,6920.3,128
2026-01-09 08:44:00,6920.1,6920.3,6919.3,6919.8,120
2026-01-09 08:45:00,6919.6,6919.8,6919.3,6919.3,88
2026-01-09 08:46:00,6919.1,6919.4,6918.7,6918.7,70
2026-01-09 08:47:00,6918.6,6918.8,6917.1,6917.1,218
2026-01-09 08:48:00,6916.8,6917.1,6915.8,6916.1,147
2026-01-09 08:49:00,6916.3,6916.3,6915.1,6916.1,180
2026-01-09 08:50:00,6915.8,6916.8,6915.1,6916.6,171
2026-01-09 08:51:00,6916.3,6916.8,6915.6,6915.9,96
2026-01-09 08:52:00,6915.8,6916.6,6915.4,6916.1,138
2026-01-09 08:53:00,6916.2,6916.3,6915.3,6915.3,119
2026-01-09 08:54:00,6915.4,6916.8,6915.3,6916.6,124
2026-01-09 08:55:00,6916.7,6917.6,6916.1,6916.1,246
2026-01-09 08:56:00,6916.2,6916.6,6915.8,6916.5,109
2026-01-09 08:57:00,6916.6,6917.1,6916.3,6916.6,154
2026-01-09 08:58:00,6916.8,6916.8,6915.8,6916.1,81
2026-01-09 08:59:00,6916.2,6916.8,6916.1,6916.3,92
2026-01-09 09:00:00,6916.6,6917.3,6916.1,6917.3,217
2026-01-09 09:01:00,6917.1,6917.1,6915.8,6916.1,164
2026-01-09 09:02:00,6916.3,6916.6,6915.8,6916.6,138
2026-01-09 09:03:00,6916.3,6916.8,6916.1,6916.1,96
2026-01-09 09:04:00,6916.2,6916.3,6915.3,6916.1,134
2026-01-09 09:05:00,6916.2,6917.7,6916.2,6917.6,125
2026-01-09 09:06:00,6917.3,6917.6,6916.6,6916.8,148
2026-01-09 09:07:00,6916.6,6917.3,6916.6,6917.1,133
2026-01-09 09:08:00,6916.9,6917.1,6916.3,6916.8,132
2026-01-09 09:09:00,6917.1,6917.3,6916.3,6916.6,133
2026-01-09 09:10:00,6916.7,6916.9,6916.3,6916.8,98
2026-01-09 09:11:00,6916.9,6917.1,6916.3,6916.6,84
2026-01-09 09:12:00,6916.7,6917.1,6916.5,6917.1,75
2026-01-09 09:13:00,6917.3,6917.3,6916.6,6916.8,110
2026-01-09 09:14:00,6916.6,6917.8,6916.3,6917.8,82
2026-01-09 09:15:00,6917.6,6918.3,6917.6,6918.1,152
2026-01-09 09:16:00,6918.2,6918.3,6917.3,6917.3,66
2026-01-09 09:17:00,6917.6,6919.3,6917.3,6919.3,73
2026-01-09 09:18:00,6919.1,6919.3,6917.8,6918.3,70
2026-01-09 09:19:00,6918.6,6919.4,6918.3,6919.3,88
2026-01-09 09:20:00,6919.6,6920.1,6919.1,6919.1,58
2026-01-09 09:21:00,6919.0,6919.1,6918.3,6918.6,125
2026-01-09 09:22:00,6918.7,6919.6,6918.7,6919.5,143
2026-01-09 09:23:00,6919.6,6920.1,6919.3,6920.1,100
2026-01-09 09:24:00,6920.0,6920.3,6919.8,6920.1,83
2026-01-09 09:25:00,6920.3,6920.6,6920.1,6920.6,146
2026-01-09 09:26:00,6920.4,6921.3,6920.3,6921.1,127
2026-01-09 09:27:00,6920.8,6921.1,6920.8,6920.8,54
2026-01-09 09:28:00,6921.1,6921.9,6921.1,6921.8,48
2026-01-09 09:29:00,6921.6,6922.1,6921.6,6922.1,39
2026-01-09 09:30:00,6922.3,6923.8,6922.1,6923.8,95
2026-01-09 09:31:00,6923.9,6924.7,6923.8,6924.6,136
2026-01-09 09:32:00,6924.8,6925.3,6924.6,6925.1,84
2026-01-09 09:33:00,6925.2,6925.8,6924.7,6924.8,104
2026-01-09 09:34:00,6924.9,6925.1,6924.6,6924.8,117
2026-01-09 09:35:00,6924.9,6925.3,6924.6,6924.8,179
2026-01-09 09:36:00,6925.1,6925.1,6924.6,6924.8,127
2026-01-09 09:37:00,6925.0,6925.8,6924.5,6925.8,148
2026-01-09 09:38:00,6926.1,6926.3,6925.6,6925.6,128
2026-01-09 09:39:00,6925.8,6925.8,6925.1,6925.3,108
2026-01-09 09:40:00,6925.1,6925.1,6924.1,6924.1,144
2026-01-09 09:41:00,6924.3,6924.8,6923.6,6923.8,58
2026-01-09 09:42:00,6924.1,6925.3,6923.8,6924.3,119
2026-01-09 09:43:00,6924.6,6925.3,6924.1,6924.1,99
2026-01-09 09:44:00,6923.9,6923.9,6923.3,6923.8,48
2026-01-09 09:45:00,6923.6,6924.3,6923.6,6924.1,46
2026-01-09 09:46:00,6924.3,6925.6,6924.1,6925.6,75
2026-01-09 09:47:00,6925.4,6926.1,6925.4,6925.8,45
2026-01-09 09:48:00,6925.9,6926.3,6925.1,6925.1,56
2026-01-09 09:49:00,6924.8,6924.8,6924.1,6924.6,47
2026-01-09 09:50:00,6924.3,6924.8,6924.2,6924.3,61
2026-01-09 09:51:00,6924.6,6924.6,6923.8,6924.3,109
2026-01-09 09:52:00,6924.6,6924.6,6923.6,6923.9,82
2026-01-09 09:53:00,6924.1,6925.1,6924.1,6925.1,45
2026-01-09 09:54:00,6924.9,6925.9,6924.9,6925.6,102
2026-01-09 09:55:00,6925.3,6925.6,6925.1,6925.3,149
2026-01-09 09:56:00,6925.4,6925.6,6925.3,6925.6,65
2026-01-09 09:57:00,6925.3,6925.6,6925.2,6925.3,30
2026-01-09 09:58:00,6925.4,6925.8,6925.3,6925.8,67
2026-01-09 09:59:00,6926.1,6926.1,6925.8,6926.1,22
2026-01-09 10:00:00,6926.3,6927.1,6926.1,6926.3,109
2026-01-09 10:01:00,6926.3,6926.3,6925.7,6925.8,26
2026-01-09 10:02:00,6925.6,6926.8,6925.3,6926.8,76
2026-01-09 10:03:00,6926.7,6926.7,6925.7,6925.7,67
2026-01-09 10:04:00,6925.8,6926.1,6925.1,6925.1,88
2026-01-09 10:05:00,6925.3,6926.3,6925.2,6926.1,105
2026-01-09 10:06:00,6925.8,6926.1,6925.3,6925.7,111
2026-01-09 10:07:00,6925.6,6925.8,6925.1,6925.6,79
2026-01-09 10:08:00,6925.3,6925.8,6925.1,6925.8,39
2026-01-09 10:09:00,6926.1,6926.3,6926.1,6926.3,36
2026-01-09 10:10:00,6926.6,6926.6,6926.1,6926.3,54
2026-01-09 10:11:00,6926.4,6926.6,6926.1,6926.1,66
2026-01-09 10:12:00,6926.3,6926.8,6926.3,6926.3,70
2026-01-09 10:13:00,6926.6,6926.6,6926.1,6926.1,65
2026-01-09 10:14:00,6926.3,6926.8,6925.3,6925.6,101
2026-01-09 10:15:00,6925.8,6925.8,6925.6,6925.8,26
2026-01-09 10:16:00,6925.9,6926.4,6925.6,6926.1,83
2026-01-09 10:17:00,6926.3,6926.4,6926.1,6926.1,76
2026-01-09 10:18:00,6926.3,6926.6,6925.8,6925.8,86
2026-01-09 10:19:00,6926.1,6926.1,6925.6,6925.6,47
2026-01-09 10:20:00,6925.8,6926.3,6925.8,6926.3,52
2026-01-09 10:21:00,6926.6,6927.1,6926.6,6926.9,32
2026-01-09 10:22:00,6927.1,6927.1,6926.7,6927.1,81
2026-01-09 10:23:00,6926.8,6926.8,6926.6,6926.8,29
2026-01-09 10:24:00,6926.9,6927.1,6926.8,6927.1,17
2026-01-09 10:25:00,6926.8,6927.3,6926.8,6927.1,59
2026-01-09 10:26:00,6927.2,6927.3,6927.1,6927.1,29
2026-01-09 10:27:00,6926.8,6927.6,6926.8,6927.1,43
2026-01-09 10:28:00,6927.3,6927.3,6926.6,6926.8,61
2026-01-09 10:29:00,6927.1,6927.1,6926.6,6926.6,36
2026-01-09 10:30:00,6926.8,6926.8,6926.1,6926.1,65
2026-01-09 10:31:00,6926.3,6926.3,6925.8,6926.1,84
2026-01-09 10:32:00,6925.9,6926.6,6925.9,6926.3,48
2026-01-09 10:33:00,6926.4,6927.1,6926.3,6926.7,85
2026-01-09 10:34:00,6926.8,6927.1,6926.6,6927.1,99
2026-01-09 10:35:00,6927.2,6927.2,6926.3,6926.3,51
2026-01-09 10:36:00,6926.4,6926.6,6925.6,6925.8,125
2026-01-09 10:37:00,6925.9,6926.3,6925.8,6926.1,37
2026-01-09 10:38:00,6926.2,6926.3,6926.1,6926.1,43
2026-01-09 10:39:00,6926.3,6926.3,6926.1,6926.1,36
2026-01-09 10:40:00,6925.8,6926.1,6925.6,6925.6,59
2026-01-09 10:41:00,6925.8,6925.8,6925.3,6925.3,69
2026-01-09 10:42:00,6925.6,6925.8,6925.3,6925.3,45
2026-01-09 10:43:00,6925.6,6925.6,6924.3,6924.8,59
2026-01-09 10:44:00,6924.7,6925.1,6924.7,6925.1,32
2026-01-09 10:45:00,6925.3,6925.3,6924.8,6925.1,61
2026-01-09 10:46:00,6925.3,6925.6,6925.3,6925.6,9
2026-01-09 10:47:00,6925.8,6926.1,6925.6,6925.6,53
2026-01-09 10:48:00,6925.8,6926.1,6925.6,6926.1,31
2026-01-09 10:49:00,6926.3,6926.6,6926.1,6926.3,59
2026-01-09 10:50:00,6926.6,6926.6,6926.1,6926.6,40
2026-01-09 10:51:00,6926.7,6926.8,6925.8,6925.8,62
2026-01-09 10:52:00,6925.6,6925.6,6925.1,6925.3,76
2026-01-09 10:53:00,6925.4,6925.8,6925.1,6925.8,65
2026-01-09 10:54:00,6925.9,6926.3,6925.8,6925.8,44
2026-01-09 10:55:00,6925.7,6925.8,6925.6,6925.8,48
2026-01-09 10:56:00,6926.1,6926.1,6925.3,6925.3,46
2026-01-09 10:57:00,6925.6,6926.1,6925.6,6925.8,44
2026-01-09 10:58:00,6925.6,6925.8,6925.6,6925.8,21
2026-01-09 10:59:00,6926.1,6926.1,6925.1,6925.1,33
2026-01-09 11:00:00,6925.3,6926.3,6925.3,6925.8,119
2026-01-09 11:01:00,6925.5,6925.5,6924.3,6924.6,95
2026-01-09 11:02:00,6924.3,6924.6,6924.2,6924.6,31
2026-01-09 11:03:00,6924.8,6925.1,6924.6,6924.6,55
2026-01-09 11:04:00,6924.7,6925.3,6924.7,6925.1,72
2026-01-09 11:05:00,6925.2,6926.1,6925.1,6925.8,91
2026-01-09 11:06:00,6925.6,6925.7,6925.1,6925.2,72
2026-01-09 11:07:00,6925.3,6925.6,6924.8,6924.8,111
2026-01-09 11:08:00,6924.7,6925.3,6924.7,6925.1,70
2026-01-09 11:09:00,6925.2,6925.3,6924.1,6924.3,115
2026-01-09 11:10:00,6924.6,6924.8,6924.6,6924.8,63
2026-01-09 11:11:00,6924.9,6925.3,6924.8,6925.1,62
2026-01-09 11:12:00,6925.3,6925.3,6924.7,6924.8,66
2026-01-09 11:13:00,6924.9,6925.1,6924.6,6924.6,67
2026-01-09 11:14:00,6924.7,6924.8,6924.6,6924.6,18
2026-01-09 11:15:00,6924.7,6924.7,6924.6,6924.6,28
2026-01-09 11:16:00,6924.5,6924.6,6924.5,6924.6,14
2026-01-09 11:17:00,6924.8,6925.3,6924.8,6925.1,73
2026-01-09 11:18:00,6925.0,6925.8,6925.0,6925.8,48
2026-01-09 11:19:00,6926.1,6926.3,6925.8,6926.3,22
2026-01-09 11:20:00,6926.6,6926.6,6926.1,6926.3,62
2026-01-09 11:21:00,6926.6,6926.7,6926.3,6926.6,50
2026-01-09 11:22:00,6926.8,6927.3,6926.8,6927.3,47
2026-01-09 11:23:00,6927.1,6927.3,6926.8,6926.8,57
2026-01-09 11:24:00,6927.1,6927.3,6927.1,6927.1,18
2026-01-09 11:25:00,6927.3,6928.6,6927.1,6928.3,68
2026-01-09 11:26:00,6928.1,6928.8,6928.1,6928.8,61
2026-01-09 11:27:00,6928.7,6928.8,6928.3,6928.3,46
2026-01-09 11:28:00,6928.1,6928.6,6928.1,6928.6,92
2026-01-09 11:29:00,6928.8,6928.8,6928.6,6928.6,11
2026-01-09 11:30:00,6928.8,6929.1,6928.6,6928.6,53
2026-01-09 11:31:00,6928.8,6929.1,6928.3,6928.6,81
2026-01-09 11:32:00,6928.8,6929.8,6928.8,6929.8,62
2026-01-09 11:33:00,6930.1,6930.1,6929.6,6930.1,58
2026-01-09 11:34:00,6930.3,6931.1,6930.3,6930.8,49
2026-01-09 11:35:00,6931.1,6931.3,6930.8,6931.1,42
2026-01-09 11:36:00,6930.8,6931.1,6930.6,6930.6,75
2026-01-09 11:37:00,6930.7,6931.1,6930.1,6930.1,92
2026-01-09 11:38:00,6929.9,6930.3,6929.3,6930.3,86
2026-01-09 11:39:00,6930.6,6931.1,6930.3,6930.8,57
2026-01-09 11:40:00,6931.1,6931.1,6930.3,6930.3,51
2026-01-09 11:41:00,6930.1,6930.1,6929.1,6929.1,48
2026-01-09 11:42:00,6929.3,6931.6,6929.1,6930.9,150
2026-01-09 11:43:00,6930.8,6930.8,6929.8,6930.3,149
2026-01-09 11:44:00,6930.6,6931.3,6930.3,6931.3,99
2026-01-09 11:45:00,6931.6,6931.6,6930.4,6930.6,62
2026-01-09 11:46:00,6930.7,6930.7,6930.1,6930.1,80
2026-01-09 11:47:00,6930.2,6930.2,6929.1,6929.3,140
2026-01-09 11:48:00,6929.1,6929.4,6928.8,6929.2,67
2026-01-09 11:49:00,6929.1,6929.6,6928.7,6929.1,59
2026-01-09 11:50:00,6929.3,6929.3,6928.6,6928.6,32
2026-01-09 11:51:00,6928.4,6928.6,6928.3,6928.6,130
2026-01-09 11:52:00,6928.3,6929.1,6928.3,6928.7,68
2026-01-09 11:53:00,6928.8,6929.1,6928.6,6928.6,73
2026-01-09 11:54:00,6928.3,6928.3,6928.1,6928.1,58
2026-01-09 11:55:00,6927.8,6927.8,6926.8,6927.1,49
2026-01-09 11:56:00,6926.9,6927.3,6926.6,6927.3,43
2026-01-09 11:57:00,6927.1,6927.3,6926.6,6926.6,99
2026-01-09 11:58:00,6926.3,6926.7,6926.1,6926.3,69
2026-01-09 11:59:00,6926.1,6926.9,6926.1,6926.8,74
2026-01-09 12:00:00,6926.2,6927.1,6925.8,6926.8,132
2026-01-09 12:01:00,6926.6,6926.8,6925.9,6926.8,154
2026-01-09 12:02:00,6926.6,6927.6,6926.6,6927.6,59
2026-01-09 12:03:00,6927.4,6927.6,6927.1,6927.3,109
2026-01-09 12:04:00,6927.6,6928.1,6927.6,6928.1,30
2026-01-09 12:05:00,6928.3,6928.9,6928.3,6928.7,65
2026-01-09 12:06:00,6928.8,6929.3,6928.6,6928.8,39
2026-01-09 12:07:00,6928.6,6928.8,6928.1,6928.2,71
2026-01-09 12:08:00,6928.1,6928.2,6927.3,6927.6,55
2026-01-09 12:09:00,6927.7,6927.8,6927.3,6927.6,64
2026-01-09 12:10:00,6927.3,6927.3,6926.1,6926.3,110
2026-01-09 12:11:00,6926.1,6926.3,6925.8,6926.1,47
2026-01-09 12:12:00,6925.8,6926.8,6925.8,6926.8,74
2026-01-09 12:13:00,6926.6,6926.8,6926.3,6926.3,40
2026-01-09 12:14:00,6926.2,6926.3,6926.1,6926.3,37
2026-01-09 12:15:00,6926.1,6926.1,6924.8,6925.3,73
2026-01-09 12:16:00,6925.4,6926.6,6924.6,6926.1,101
2026-01-09 12:17:00,6926.0,6926.6,6925.6,6926.6,72
2026-01-09 12:18:00,6926.3,6926.3,6925.2,6925.6,67
2026-01-09 12:19:00,6925.3,6925.4,6924.8,6925.3,56
2026-01-09 12:20:00,6925.1,6925.1,6924.6,6924.6,69
2026-01-09 12:21:00,6924.8,6925.8,6924.8,6925.6,59
2026-01-09 12:22:00,6925.8,6926.1,6925.6,6925.7,72
2026-01-09 12:23:00,6925.8,6926.3,6925.8,6926.1,25
2026-01-09 12:24:00,6925.8,6926.3,6925.8,6926.3,47
2026-01-09 12:25:00,6926.1,6926.6,6926.1,6926.3,47
2026-01-09 12:26:00,6926.6,6926.6,6926.3,6926.6,64
2026-01-09 12:27:00,6926.3,6926.6,6925.3,6925.8,67
2026-01-09 12:28:00,6925.6,6925.6,6924.6,6924.8,54
2026-01-09 12:29:00,6924.6,6925.4,6924.6,6925.4,67
2026-01-09 12:30:00,6925.3,6925.6,6925.1,6925.3,55
2026-01-09 12:31:00,6925.1,6925.8,6924.9,6925.8,52
2026-01-09 12:32:00,6925.7,6925.8,6924.3,6924.3,92
2026-01-09 12:33:00,6924.1,6924.8,6924.1,6924.8,81
2026-01-09 12:34:00,6925.1,6925.1,6924.6,6925.1,78
2026-01-09 12:35:00,6924.8,6925.1,6924.3,6924.6,76
2026-01-09 12:36:00,6924.8,6924.8,6924.4,6924.6,48
2026-01-09 12:37:00,6924.3,6924.3,6923.8,6924.3,89
2026-01-09 12:38:00,6924.2,6924.8,6924.2,6924.8,113
2026-01-09 12:39:00,6925.1,6925.1,6924.8,6925.1,30
2026-01-09 12:40:00,6925.3,6926.1,6925.1,6926.1,64
2026-01-09 12:41:00,6926.3,6926.6,6925.8,6926.3,42
2026-01-09 12:42:00,6926.1,6926.4,6926.1,6926.1,69
2026-01-09 12:43:00,6926.3,6926.3,6925.8,6926.3,50
2026-01-09 12:44:00,6926.1,6926.8,6926.1,6926.6,59
2026-01-09 12:45:00,6926.8,6927.4,6926.8,6927.3,66
2026-01-09 12:46:00,6927.4,6928.3,6927.4,6928.1,58
2026-01-09 12:47:00,6928.3,6929.1,6928.3,6928.8,39
2026-01-09 12:48:00,6928.9,6929.1,6928.6,6928.7,43
2026-01-09 12:49:00,6928.6,6929.6,6928.6,6929.3,52
2026-01-09 12:50:00,6929.1,6929.8,6929.1,6929.8,30
2026-01-09 12:51:00,6929.6,6929.6,6929.1,6929.3,31
2026-01-09 12:52:00,6929.8,6929.8,6929.1,6929.1,43
2026-01-09 12:53:00,6928.9,6929.1,6928.2,6928.3,85
2026-01-09 12:54:00,6928.1,6928.8,6928.1,6928.8,81
2026-01-09 12:55:00,6928.6,6928.8,6928.3,6928.8,70
2026-01-09 12:56:00,6928.6,6930.1,6928.6,6929.8,52
2026-01-09 12:57:00,6929.7,6930.3,6929.7,6929.8,90
2026-01-09 12:58:00,6930.1,6930.3,6929.6,6930.1,25
2026-01-09 12:59:00,6930.3,6930.3,6930.3,6930.3,6
2026-01-09 13:00:00,6930.2,6930.6,6930.1,6930.6,55
2026-01-09 13:01:00,6930.8,6931.3,6930.6,6930.8,108
2026-01-09 13:02:00,6930.6,6930.6,6929.3,6929.6,57
2026-01-09 13:03:00,6929.5,6929.5,6928.3,6928.3,73
2026-01-09 13:04:00,6928.1,6929.1,6928.1,6929.0,158
2026-01-09 13:05:00,6929.1,6929.1,6928.6,6929.1,59
2026-01-09 13:06:00,6929.3,6930.1,6929.3,6930.1,58
2026-01-09 13:07:00,6930.2,6930.3,6930.1,6930.3,21
2026-01-09 13:08:00,6930.1,6930.8,6929.3,6930.8,65
2026-01-09 13:09:00,6930.6,6931.1,6930.6,6931.1,60
2026-01-09 13:10:00,6930.8,6931.1,6930.6,6930.6,62
2026-01-09 13:11:00,6930.3,6930.6,6928.8,6929.8,87
2026-01-09 13:12:00,6929.7,6931.3,6929.6,6931.3,91
2026-01-09 13:13:00,6931.1,6931.6,6930.8,6930.8,104
2026-01-09 13:14:00,6931.1,6931.1,6930.8,6931.1,28
2026-01-09 13:15:00,6931.0,6931.1,6929.6,6929.6,76
2026-01-09 13:16:00,6929.3,6929.4,6928.8,6928.8,93
2026-01-09 13:17:00,6929.1,6930.9,6928.8,6930.8,149
2026-01-09 13:18:00,6930.9,6932.8,6930.4,6932.3,183
2026-01-09 13:19:00,6932.1,6933.3,6932.1,6933.1,126
2026-01-09 13:20:00,6933.2,6934.3,6932.8,6934.1,100
2026-01-09 13:21:00,6934.3,6935.1,6933.3,6933.7,111
2026-01-09 13:22:00,6933.6,6933.8,6932.1,6932.8,99
2026-01-09 13:23:00,6933.1,6933.3,6932.1,6932.3,81
2026-01-09 13:24:00,6932.1,6932.8,6931.3,6931.6,83
2026-01-09 13:25:00,6931.4,6931.8,6930.8,6931.3,148
2026-01-09 13:26:00,6930.9,6931.6,6930.8,6931.3,158
2026-01-09 13:27:00,6931.6,6932.6,6931.3,6932.6,164
2026-01-09 13:28:00,6932.4,6934.3,6932.1,6934.2,169
2026-01-09 13:29:00,6933.9,6934.5,6933.2,6933.7,166
2026-01-09 13:30:00,6933.5,6941.1,6933.5,6937.3,533
2026-01-09 13:31:00,6937.1,6937.3,6934.1,6935.9,665
2026-01-09 13:32:00,6936.1,6936.6,6932.8,6934.8,483
2026-01-09 13:33:00,6934.9,6936.1,6933.8,6935.8,444
2026-01-09 13:34:00,6936.1,6941.1,6936.1,6941.1,367
2026-01-09 13:35:00,6941.3,6944.3,6941.1,6944.1,374
2026-01-09 13:36:00,6944.3,6945.1,6942.3,6943.3,355
2026-01-09 13:37:00,6943.2,6944.6,6942.6,6943.6,332
2026-01-09 13:38:00,6943.4,6943.6,6942.1,6942.1,261
2026-01-09 13:39:00,6942.2,6942.8,6941.7,6942.1,214
2026-01-09 13:40:00,6942.6,6944.6,6942.1,6944.1,265
2026-01-09 13:41:00,6944.3,6944.3,6942.9,6943.6,233
2026-01-09 13:42:00,6943.8,6946.1,6943.2,6946.1,196
2026-01-09 13:43:00,6946.3,6946.8,6944.3,6944.3,308
2026-01-09 13:44:00,6944.2,6944.8,6943.9,6944.3,205
2026-01-09 13:45:00,6944.6,6945.8,6944.1,6944.3,200
2026-01-09 13:46:00,6944.1,6944.6,6943.6,6943.8,192
2026-01-09 13:47:00,6944.1,6944.6,6942.8,6943.1,192
2026-01-09 13:48:00,6942.8,6943.6,6942.4,6942.8,116
2026-01-09 13:49:00,6942.6,6944.3,6942.3,6942.6,157
2026-01-09 13:50:00,6942.8,6943.1,6940.8,6941.8,224
2026-01-09 13:51:00,6941.9,6943.3,6941.6,6942.1,258
2026-01-09 13:52:00,6941.8,6944.1,6941.3,6944.1,188
2026-01-09 13:53:00,6943.8,6943.9,6942.1,6943.6,136
2026-01-09 13:54:00,6943.3,6944.6,6943.3,6944.1,120
2026-01-09 13:55:00,6944.3,6944.3,6943.3,6943.3,145
2026-01-09 13:56:00,6943.6,6944.8,6943.6,6944.8,132
2026-01-09 13:57:00,6944.9,6944.9,6944.1,6944.3,103
2026-01-09 13:58:00,6944.4,6944.8,6943.5,6944.8,176
2026-01-09 13:59:00,6945.1,6945.6,6944.1,6945.1,94
2026-01-09 14:00:00,6945.3,6946.3,6944.8,6945.8,217
2026-01-09 14:01:00,6945.6,6946.9,6945.1,6946.6,239
2026-01-09 14:02:00,6946.8,6947.1,6945.8,6946.3,129
2026-01-09 14:03:00,6946.6,6948.1,6946.6,6946.8,129
2026-01-09 14:04:00,6946.6,6946.6,6944.6,6945.1,123
2026-01-09 14:05:00,6944.8,6945.1,6943.1,6943.1,192
2026-01-09 14:06:00,6942.8,6944.3,6942.8,6942.8,121
2026-01-09 14:07:00,6942.6,6943.6,6942.3,6943.1,111
2026-01-09 14:08:00,6943.3,6943.8,6941.6,6942.1,154
2026-01-09 14:09:00,6941.8,6942.6,6941.8,6942.1,91
2026-01-09 14:10:00,6942.3,6943.1,6942.1,6942.3,116
2026-01-09 14:11:00,6941.8,6942.3,6938.6,6938.8,192
2026-01-09 14:12:00,6938.6,6939.1,6935.9,6936.3,376
2026-01-09 14:13:00,6936.6,6939.1,6936.3,6938.6,345
2026-01-09 14:14:00,6938.8,6938.8,6937.6,6938.3,265
2026-01-09 14:15:00,6938.1,6939.1,6937.3,6938.1,302
2026-01-09 14:16:00,6938.6,6938.6,6936.3,6936.3,196
2026-01-09 14:17:00,6936.8,6937.1,6935.3,6935.3,147
2026-01-09 14:18:00,6935.1,6935.2,6932.1,6932.1,250
2026-01-09 14:19:00,6931.8,6933.1,6930.8,6932.1,331
2026-01-09 14:20:00,6931.8,6931.8,6929.8,6931.2,345
2026-01-09 14:21:00,6931.3,6932.8,6931.1,6932.1,234
2026-01-09 14:22:00,6931.9,6932.1,6926.8,6928.1,350
2026-01-09 14:23:00,6927.8,6929.8,6927.8,6929.8,383
2026-01-09 14:24:00,6929.6,6931.3,6929.6,6931.1,258
2026-01-09 14:25:00,6931.3,6932.1,6930.1,6930.3,286
2026-01-09 14:26:00,6930.6,6930.6,6928.4,6929.6,302
2026-01-09 14:27:00,6929.3,6929.8,6928.8,6929.3,186
2026-01-09 14:28:00,6927.8,6930.2,6927.8,6930.1,306
2026-01-09 14:29:00,6929.8,6930.3,6927.6,6928.6,230
2026-01-09 14:30:00,6928.8,6931.7,6927.6,6930.8,590
2026-01-09 14:31:00,6930.6,6932.3,6927.6,6930.1,537
2026-01-09 14:32:00,6930.6,6932.1,6928.3,6930.3,503
2026-01-09 14:33:00,6930.6,6935.1,6930.6,6933.1,519
2026-01-09 14:34:00,6933.3,6933.8,6929.8,6932.1,447
2026-01-09 14:35:00,6932.3,6936.3,6931.8,6934.8,470
2026-01-09 14:36:00,6935.3,6937.8,6935.1,6936.8,470
2026-01-09 14:37:00,6937.3,6941.3,6935.6,6941.1,397
2026-01-09 14:38:00,6941.3,6945.6,6939.8,6941.1,465
2026-01-09 14:39:00,6941.3,6943.3,6941.1,6942.3,360
2026-01-09 14:40:00,6943.1,6943.8,6939.3,6942.8,452
2026-01-09 14:41:00,6942.3,6944.6,6941.3,6941.6,395
2026-01-09 14:42:00,6941.8,6944.1,6939.3,6941.1,470
2026-01-09 14:43:00,6941.3,6942.3,6938.6,6938.8,402
2026-01-09 14:44:00,6938.6,6940.6,6935.1,6936.3,446
2026-01-09 14:45:00,6936.6,6937.8,6933.8,6935.1,496
2026-01-09 14:46:00,6935.6,6938.3,6934.3,6935.6,582
2026-01-09 14:47:00,6935.8,6941.3,6935.3,6939.2,513
2026-01-09 14:48:00,6939.3,6939.8,6929.6,6930.7,576
2026-01-09 14:49:00,6930.9,6933.4,6928.1,6932.3,544
2026-01-09 14:50:00,6932.6,6935.1,6930.3,6933.3,582
2026-01-09 14:51:00,6933.2,6934.8,6930.3,6932.3,544
2026-01-09 14:52:00,6931.8,6933.1,6929.6,6930.9,529
2026-01-09 14:53:00,6930.6,6939.1,6929.3,6938.6,578
2026-01-09 14:54:00,6938.8,6940.1,6936.1,6936.1,513
2026-01-09 14:55:00,6935.9,6937.6,6933.6,6936.3,552
2026-01-09 14:56:00,6936.6,6937.8,6929.3,6934.6,576
2026-01-09 14:57:00,6935.6,6937.1,6934.1,6935.3,545
2026-01-09 14:58:00,6934.8,6937.2,6934.6,6936.4,533
2026-01-09 14:59:00,6937.3,6939.1,6936.6,6937.7,449
2026-01-09 15:00:00,6938.2,6941.8,6933.7,6934.1,555
2026-01-09 15:01:00,6934.3,6936.6,6932.3,6932.3,552
2026-01-09 15:02:00,6932.1,6941.2,6932.1,6939.6,469
2026-01-09 15:03:00,6939.8,6942.3,6933.1,6934.3,479
2026-01-09 15:04:00,6934.4,6935.1,6929.8,6930.6,638
2026-01-09 15:05:00,6930.8,6930.8,6925.3,6926.1,536
2026-01-09 15:06:00,6926.6,6927.6,6921.6,6922.1,551
2026-01-09 15:07:00,6922.3,6923.6,6920.6,6922.6,477
2026-01-09 15:08:00,6922.8,6923.1,6914.6,6916.8,482
2026-01-09 15:09:00,6917.1,6919.6,6916.3,6918.6,499
2026-01-09 15:10:00,6918.3,6921.6,6917.3,6921.3,526
2026-01-09 15:11:00,6921.8,6924.1,6920.8,6922.1,494
2026-01-09 15:12:00,6922.3,6930.1,6921.6,6930.1,519
2026-01-09 15:13:00,6930.6,6934.8,6930.3,6932.1,430
2026-01-09 15:14:00,6932.3,6935.8,6931.3,6935.6,415
2026-01-09 15:15:00,6936.1,6937.1,6933.8,6936.1,498
2026-01-09 15:16:00,6936.3,6938.8,6934.8,6936.6,414
2026-01-09 15:17:00,6936.3,6936.3,6931.8,6933.9,430
2026-01-09 15:18:00,6933.6,6936.3,6933.1,6936.3,425
2026-01-09 15:19:00,6936.6,6938.1,6935.8,6938.1,359
2026-01-09 15:20:00,6938.3,6938.3,6936.3,6937.8,415
2026-01-09 15:21:00,6937.6,6938.6,6935.6,6938.6,337
