timestamp,bid,ask,spread
2026-01-09 09:00:00.855,6915.908340000001,6917.29166,1.383319999999003
2026-01-09 09:00:00.878,6915.908340000001,6917.29166,1.383319999999003
2026-01-09 09:00:00.880,6915.908340000001,6917.29166,1.383319999999003
2026-01-09 09:00:00.881,6915.908340000001,6917.29166,1.383319999999003
2026-01-09 09:00:00.882,6915.908340000001,6917.29166,1.383319999999003
2026-01-09 09:00:00.883,6915.908340000001,6917.29166,1.383319999999003
2026-01-09 09:00:00.884,6915.908340000001,6917.29166,1.383319999999003
2026-01-09 09:00:01.430,6915.70836,6917.09164,1.3832800000000134
2026-01-09 09:00:01.431,6915.70836,6917.09164,1.3832800000000134
2026-01-09 09:00:01.432,6915.70836,6917.09164,1.3832800000000134
2026-01-09 09:00:01.433,6915.70836,6917.09164,1.3832800000000134
2026-01-09 09:00:01.434,6915.70836,6917.09164,1.3832800000000134
2026-01-09 09:00:01.435,6915.70836,6917.09164,1.3832800000000134
2026-01-09 09:00:01.436,6915.70836,6917.09164,1.3832800000000134
2026-01-09 09:00:01.900,6915.908340000001,6917.29166,1.383319999999003
2026-01-09 09:00:01.902,6915.908340000001,6917.29166,1.383319999999003
2026-01-09 09:00:01.903,6915.908340000001,6917.29166,1.383319999999003
2026-01-09 09:00:01.904,6915.908340000001,6917.29166,1.383319999999003
2026-01-09 09:00:01.906,6915.908340000001,6917.29166,1.383319999999003
2026-01-09 09:00:01.907,6915.908340000001,6917.29166,1.383319999999003
2026-01-09 09:00:01.909,6915.908340000001,6917.29166,1.383319999999003
2026-01-09 09:00:02.279,6916.10832,6917.49168,1.3833599999998114
2026-01-09 09:00:02.281,6916.10832,6917.49168,1.3833599999998114
2026-01-09 09:00:02.283,6916.10832,6917.49168,1.3833599999998114
2026-01-09 09:00:02.284,6916.10832,6917.49168,1.3833599999998114
2026-01-09 09:00:02.285,6916.10832,6917.49168,1.3833599999998114
2026-01-09 09:00:02.286,6916.10832,6917.49168,1.3833599999998114
2026-01-09 09:00:02.291,6916.10832,6917.49168,1.3833599999998114
2026-01-09 09:00:09.473,6915.908340000001,6917.29166,1.383319999999003
2026-01-09 09:00:09.474,6915.908340000001,6917.29166,1.383319999999003
2026-01-09 09:00:09.475,6915.908340000001,6917.29166,1.383319999999003
2026-01-09 09:00:09.476,6915.908340000001,6917.29166,1.383319999999003
2026-01-09 09:00:09.477,6915.908340000001,6917.29166,1.383319999999003
2026-01-09 09:00:10.627,6915.60837,6916.99163,1.3832600000005186
2026-01-09 09:00:10.628,6915.60837,6916.99163,1.3832600000005186
2026-01-09 09:00:10.629,6915.60837,6916.99163,1.3832600000005186
2026-01-09 09:00:10.630,6915.60837,6916.99163,1.3832600000005186
2026-01-09 09:00:10.631,6915.60837,6916.99163,1.3832600000005186
2026-01-09 09:00:10.633,6915.60837,6916.99163,1.3832600000005186
2026-01-09 09:00:11.567,6915.70836,6917.09164,1.3832800000000134
2026-01-09 09:00:11.568,6915.70836,6917.09164,1.3832800000000134
2026-01-09 09:00:11.569,6915.70836,6917.09164,1.3832800000000134
2026-01-09 09:00:11.570,6915.70836,6917.09164,1.3832800000000134
2026-01-09 09:00:12.023,6915.908340000001,6917.29166,1.383319999999003
2026-01-09 09:00:12.024,6915.908340000001,6917.29166,1.383319999999003
2026-01-09 09:00:12.025,6915.908340000001,6917.29166,1.383319999999003
2026-01-09 09:00:12.026,6915.908340000001,6917.29166,1.383319999999003
2026-01-09 09:00:12.027,6915.908340000001,6917.29166,1.383319999999003
2026-01-09 09:00:15.824,6915.60837,6916.99163,1.3832600000005186
2026-01-09 09:00:15.826,6915.60837,6916.99163,1.3832600000005186
2026-01-09 09:00:15.827,6915.60837,6916.99163,1.3832600000005186
2026-01-09 09:00:15.828,6915.60837,6916.99163,1.3832600000005186
2026-01-09 09:00:15.829,6915.60837,6916.99163,1.3832600000005186
2026-01-09 09:00:15.830,6915.60837,6916.99163,1.3832600000005186
2026-01-09 09:00:16.437,6915.4083900000005,6916.79161,1.3832199999997101
2026-01-09 09:00:16.442,6915.4083900000005,6916.79161,1.3832199999997101
2026-01-09 09:00:16.443,6915.4083900000005,6916.79161,1.3832199999997101
2026-01-09 09:00:16.444,6915.4083900000005,6916.79161,1.3832199999997101
2026-01-09 09:00:16.445,6915.4083900000005,6916.79161,1.3832199999997101
2026-01-09 09:00:16.446,6915.4083900000005,6916.79161,1.3832199999997101
2026-01-09 09:00:16.825,6915.60837,6916.99163,1.3832600000005186
2026-01-09 09:00:16.827,6915.60837,6916.99163,1.3832600000005186
2026-01-09 09:00:16.828,6915.60837,6916.99163,1.3832600000005186
2026-01-09 09:00:16.829,6915.60837,6916.99163,1.3832600000005186
2026-01-09 09:00:16.830,6915.60837,6916.99163,1.3832600000005186
2026-01-09 09:00:17.309,6915.70836,6917.09164,1.3832800000000134
2026-01-09 09:00:17.311,6915.70836,6917.09164,1.3832800000000134
2026-01-09 09:00:17.312,6915.70836,6917.09164,1.3832800000000134
2026-01-09 09:00:17.313,6915.70836,6917.09164,1.3832800000000134
2026-01-09 09:00:17.314,6915.70836,6917.09164,1.3832800000000134
2026-01-09 09:00:18.558,6915.60837,6916.99163,1.3832600000005186
2026-01-09 09:00:18.559,6915.60837,6916.99163,1.3832600000005186
2026-01-09 09:00:18.560,6915.60837,6916.99163,1.3832600000005186
2026-01-09 09:00:18.561,6915.60837,6916.99163,1.3832600000005186
2026-01-09 09:00:18.562,6915.60837,6916.99163,1.3832600000005186
2026-01-09 09:00:18.563,6915.60837,6916.99163,1.3832600000005186
2026-01-09 09:00:18.564,6915.60837,6916.99163,1.3832600000005186
2026-01-09 09:00:19.001,6915.908340000001,6917.29166,1.383319999999003
2026-01-09 09:00:19.002,6915.908340000001,6917.29166,1.383319999999003
2026-01-09 09:00:19.003,6915.908340000001,6917.29166,1.383319999999003
2026-01-09 09:00:19.004,6915.908340000001,6917.29166,1.383319999999003
2026-01-09 09:00:19.005,6915.908340000001,6917.29166,1.383319999999003
2026-01-09 09:00:21.057,6915.60837,6916.99163,1.3832600000005186
2026-01-09 09:00:21.058,6915.60837,6916.99163,1.3832600000005186
2026-01-09 09:00:21.059,6915.60837,6916.99163,1.3832600000005186
2026-01-09 09:00:21.060,6915.60837,6916.99163,1.3832600000005186
2026-01-09 09:00:21.061,6915.60837,6916.99163,1.3832600000005186
2026-01-09 09:00:21.062,6915.60837,6916.99163,1.3832600000005186
2026-01-09 09:00:22.411,6915.908340000001,6917.29166,1.383319999999003
2026-01-09 09:00:22.414,6915.908340000001,6917.29166,1.383319999999003
2026-01-09 09:00:22.415,6915.908340000001,6917.29166,1.383319999999003
2026-01-09 09:00:22.416,6915.908340000001,6917.29166,1.383319999999003
2026-01-09 09:00:28.562,6915.60837,6916.99163,1.3832600000005186
2026-01-09 09:00:28.564,6915.60837,6916.99163,1.3832600000005186
2026-01-09 09:00:28.565,6915.60837,6916.99163,1.3832600000005186
2026-01-09 09:00:28.566,6915.60837,6916.99163,1.3832600000005186
2026-01-09 09:00:28.568,6915.60837,6916.99163,1.3832600000005186
2026-01-09 09:00:28.569,6915.60837,6916.99163,1.3832600000005186
2026-01-09 09:00:28.570,6915.60837,6916.99163,1.3832600000005186
2026-01-09 09:00:31.401,6915.908340000001,6917.29166,1.383319999999003
2026-01-09 09:00:31.406,6915.908340000001,6917.29166,1.383319999999003
2026-01-09 09:00:31.407,6915.908340000001,6917.29166,1.383319999999003
2026-01-09 09:00:31.408,6915.908340000001,6917.29166,1.383319999999003
2026-01-09 09:00:34.485,6915.60837,6916.99163,1.3832600000005186
2026-01-09 09:00:34.486,6915.60837,6916.99163,1.3832600000005186
2026-01-09 09:00:34.487,6915.60837,6916.99163,1.3832600000005186
2026-01-09 09:00:34.488,6915.60837,6916.99163,1.3832600000005186
2026-01-09 09:00:34.489,6915.60837,6916.99163,1.3832600000005186
2026-01-09 09:00:34.490,6915.60837,6916.99163,1.3832600000005186
2026-01-09 09:00:34.491,6915.60837,6916.99163,1.3832600000005186
2026-01-09 09:00:36.266,6915.70836,6917.09164,1.3832800000000134
2026-01-09 09:00:36.268,6915.70836,6917.09164,1.3832800000000134
2026-01-09 09:00:36.269,6915.70836,6917.09164,1.3832800000000134
2026-01-09 09:00:36.270,6915.70836,6917.09164,1.3832800000000134
2026-01-09 09:00:36.271,6915.70836,6917.09164,1.3832800000000134
2026-01-09 09:00:36.272,6915.70836,6917.09164,1.3832800000000134
2026-01-09 09:00:36.273,6915.70836,6917.09164,1.3832800000000134
2026-01-09 09:00:36.916,6915.908340000001,6917.29166,1.383319999999003
2026-01-09 09:00:36.917,6915.908340000001,6917.29166,1.383319999999003
2026-01-09 09:00:36.918,6915.908340000001,6917.29166,1.383319999999003
2026-01-09 09:00:36.919,6915.908340000001,6917.29166,1.383319999999003
2026-01-09 09:00:36.920,6915.908340000001,6917.29166,1.383319999999003
2026-01-09 09:00:37.541,6915.60837,6916.99163,1.3832600000005186
2026-01-09 09:00:37.542,6915.60837,6916.99163,1.3832600000005186
2026-01-09 09:00:37.543,6915.60837,6916.99163,1.3832600000005186
2026-01-09 09:00:37.544,6915.60837,6916.99163,1.3832600000005186
2026-01-09 09:00:37.545,6915.60837,6916.99163,1.3832600000005186
2026-01-09 09:00:38.613,6915.908340000001,6917.29166,1.383319999999003
2026-01-09 09:00:38.614,6915.908340000001,6917.29166,1.383319999999003
2026-01-09 09:00:38.615,6915.908340000001,6917.29166,1.383319999999003
2026-01-09 09:00:38.616,6915.908340000001,6917.29166,1.383319999999003
2026-01-09 09:00:38.617,6915.908340000001,6917.29166,1.383319999999003
2026-01-09 09:00:38.618,6915.908340000001,6917.29166,1.383319999999003
2026-01-09 09:00:38.620,6915.908340000001,6917.29166,1.383319999999003
2026-01-09 09:00:39.776,6915.60837,6916.99163,1.3832600000005186
2026-01-09 09:00:39.777,6915.60837,6916.99163,1.3832600000005186
2026-01-09 09:00:39.778,6915.60837,6916.99163,1.3832600000005186
2026-01-09 09:00:39.779,6915.60837,6916.99163,1.3832600000005186
2026-01-09 09:00:39.781,6915.60837,6916.99163,1.3832600000005186
2026-01-09 09:00:39.782,6915.60837,6916.99163,1.3832600000005186
2026-01-09 09:00:45.025,6915.908340000001,6917.29166,1.383319999999003
2026-01-09 09:00:45.026,6915.908340000001,6917.29166,1.383319999999003
2026-01-09 09:00:45.027,6915.908340000001,6917.29166,1.383319999999003
2026-01-09 09:00:45.028,6915.908340000001,6917.29166,1.383319999999003
2026-01-09 09:00:45.029,6915.908340000001,6917.29166,1.383319999999003
2026-01-09 09:00:45.030,6915.908340000001,6917.29166,1.383319999999003
2026-01-09 09:00:45.633,6915.80835,6917.19165,1.3832999999995081
2026-01-09 09:00:45.635,6915.80835,6917.19165,1.3832999999995081
2026-01-09 09:00:45.636,6915.80835,6917.19165,1.3832999999995081
2026-01-09 09:00:45.637,6915.80835,6917.19165,1.3832999999995081
2026-01-09 09:00:45.638,6915.80835,6917.19165,1.3832999999995081
2026-01-09 09:00:45.639,6915.80835,6917.19165,1.3832999999995081
2026-01-09 09:00:45.640,6915.80835,6917.19165,1.3832999999995081
2026-01-09 09:00:46.143,6915.70836,6917.09164,1.3832800000000134
2026-01-09 09:00:46.144,6915.70836,6917.09164,1.3832800000000134
2026-01-09 09:00:46.145,6915.70836,6917.09164,1.3832800000000134
2026-01-09 09:00:46.146,6915.70836,6917.09164,1.3832800000000134
2026-01-09 09:00:46.147,6915.70836,6917.09164,1.3832800000000134
2026-01-09 09:00:46.148,6915.70836,6917.09164,1.3832800000000134
2026-01-09 09:00:46.544,6915.80835,6917.19165,1.3832999999995081
2026-01-09 09:00:46.546,6915.80835,6917.19165,1.3832999999995081
2026-01-09 09:00:46.547,6915.80835,6917.19165,1.3832999999995081
2026-01-09 09:00:46.548,6915.80835,6917.19165,1.3832999999995081
2026-01-09 09:00:46.549,6915.80835,6917.19165,1.3832999999995081
2026-01-09 09:00:46.550,6915.80835,6917.19165,1.3832999999995081
2026-01-09 09:00:47.034,6916.00833,6917.39167,1.3833400000003166
2026-01-09 09:00:47.035,6916.00833,6917.39167,1.3833400000003166
2026-01-09 09:00:47.036,6916.00833,6917.39167,1.3833400000003166
2026-01-09 09:00:47.037,6916.00833,6917.39167,1.3833400000003166
2026-01-09 09:00:47.038,6916.00833,6917.39167,1.3833400000003166
2026-01-09 09:00:48.622,6915.908340000001,6917.29166,1.383319999999003
2026-01-09 09:00:48.624,6915.908340000001,6917.29166,1.383319999999003
2026-01-09 09:00:48.625,6915.908340000001,6917.29166,1.383319999999003
2026-01-09 09:00:48.626,6915.908340000001,6917.29166,1.383319999999003
2026-01-09 09:00:48.627,6915.908340000001,6917.29166,1.383319999999003
2026-01-09 09:00:48.628,6915.908340000001,6917.29166,1.383319999999003
2026-01-09 09:00:49.025,6916.40829,6917.79171,1.3834200000001147
2026-01-09 09:00:49.026,6916.40829,6917.79171,1.3834200000001147
2026-01-09 09:00:49.027,6916.40829,6917.79171,1.3834200000001147
2026-01-09 09:00:49.028,6916.40829,6917.79171,1.3834200000001147
2026-01-09 09:00:49.029,6916.40829,6917.79171,1.3834200000001147
2026-01-09 09:00:49.496,6916.50828,6917.89172,1.3834399999996094
2026-01-09 09:00:49.497,6916.50828,6917.89172,1.3834399999996094
2026-01-09 09:00:49.498,6916.50828,6917.89172,1.3834399999996094
2026-01-09 09:00:49.499,6916.50828,6917.89172,1.3834399999996094
2026-01-09 09:00:49.919,6916.40829,6917.79171,1.3834200000001147
2026-01-09 09:00:49.920,6916.40829,6917.79171,1.3834200000001147
2026-01-09 09:00:49.921,6916.40829,6917.79171,1.3834200000001147
2026-01-09 09:00:49.922,6916.40829,6917.79171,1.3834200000001147
2026-01-09 09:00:49.923,6916.40829,6917.79171,1.3834200000001147
2026-01-09 09:00:52.564,6916.608270000001,6917.99173,1.3834599999991042
2026-01-09 09:00:52.565,6916.608270000001,6917.99173,1.3834599999991042
2026-01-09 09:00:52.566,6916.608270000001,6917.99173,1.3834599999991042
2026-01-09 09:00:52.567,6916.608270000001,6917.99173,1.3834599999991042
2026-01-09 09:00:52.568,6916.608270000001,6917.99173,1.3834599999991042
2026-01-09 09:00:52.569,6916.608270000001,6917.99173,1.3834599999991042
2026-01-09 09:00:54.133,6916.40829,6917.79171,1.3834200000001147
2026-01-09 09:00:54.135,6916.40829,6917.79171,1.3834200000001147
2026-01-09 09:00:54.136,6916.40829,6917.79171,1.3834200000001147
2026-01-09 09:00:54.137,6916.40829,6917.79171,1.3834200000001147
2026-01-09 09:00:54.138,6916.40829,6917.79171,1.3834200000001147
2026-01-09 09:00:54.139,6916.40829,6917.79171,1.3834200000001147
2026-01-09 09:00:54.140,6916.40829,6917.79171,1.3834200000001147
2026-01-09 09:00:57.455,6916.50828,6917.89172,1.3834399999996094
2026-01-09 09:00:57.456,6916.50828,6917.89172,1.3834399999996094
2026-01-09 09:00:57.458,6916.50828,6917.89172,1.3834399999996094
2026-01-09 09:00:57.459,6916.50828,6917.89172,1.3834399999996094
2026-01-09 09:00:57.460,6916.50828,6917.89172,1.3834399999996094
2026-01-09 09:00:58.133,6916.40829,6917.79171,1.3834200000001147
2026-01-09 09:00:58.134,6916.40829,6917.79171,1.3834200000001147
2026-01-09 09:00:58.135,6916.40829,6917.79171,1.3834200000001147
2026-01-09 09:00:58.999,6916.608270000001,6917.99173,1.3834599999991042
2026-01-09 09:00:59.000,6916.608270000001,6917.99173,1.3834599999991042
2026-01-09 09:00:59.001,6916.608270000001,6917.99173,1.3834599999991042
2026-01-09 09:00:59.003,6916.608270000001,6917.99173,1.3834599999991042
2026-01-09 09:00:59.004,6916.608270000001,6917.99173,1.3834599999991042
2026-01-09 09:00:59.005,6916.608270000001,6917.99173,1.3834599999991042
2026-01-09 09:01:04.169,6916.40829,6917.79171,1.3834200000001147
2026-01-09 09:01:04.182,6916.40829,6917.79171,1.3834200000001147
2026-01-09 09:01:04.183,6916.40829,6917.79171,1.3834200000001147
2026-01-09 09:01:04.184,6916.40829,6917.79171,1.3834200000001147
2026-01-09 09:01:04.185,6916.40829,6917.79171,1.3834200000001147
2026-01-09 09:01:04.186,6916.40829,6917.79171,1.3834200000001147
2026-01-09 09:01:05.884,6916.20831,6917.591689999999,1.3833799999993062
2026-01-09 09:01:05.885,6916.20831,6917.591689999999,1.3833799999993062
2026-01-09 09:01:05.886,6916.20831,6917.591689999999,1.3833799999993062
2026-01-09 09:01:05.887,6916.20831,6917.591689999999,1.3833799999993062
2026-01-09 09:01:06.512,6916.10832,6917.49168,1.3833599999998114
2026-01-09 09:01:06.513,6916.10832,6917.49168,1.3833599999998114
2026-01-09 09:01:06.514,6916.10832,6917.49168,1.3833599999998114
2026-01-09 09:01:06.515,6916.10832,6917.49168,1.3833599999998114
2026-01-09 09:01:06.516,6916.10832,6917.49168,1.3833599999998114
2026-01-09 09:01:10.127,6916.40829,6917.79171,1.3834200000001147
2026-01-09 09:01:10.128,6916.40829,6917.79171,1.3834200000001147
2026-01-09 09:01:10.129,6916.40829,6917.79171,1.3834200000001147
2026-01-09 09:01:10.130,6916.40829,6917.79171,1.3834200000001147
2026-01-09 09:01:10.131,6916.40829,6917.79171,1.3834200000001147
2026-01-09 09:01:10.132,6916.40829,6917.79171,1.3834200000001147
2026-01-09 09:01:10.133,6916.40829,6917.79171,1.3834200000001147
2026-01-09 09:01:11.823,6916.20831,6917.591689999999,1.3833799999993062
2026-01-09 09:01:11.824,6916.20831,6917.591689999999,1.3833799999993062
2026-01-09 09:01:11.825,6916.20831,6917.591689999999,1.3833799999993062
2026-01-09 09:01:11.826,6916.20831,6917.591689999999,1.3833799999993062
2026-01-09 09:01:11.827,6916.20831,6917.591689999999,1.3833799999993062
2026-01-09 09:01:11.828,6916.20831,6917.591689999999,1.3833799999993062
2026-01-09 09:01:12.265,6916.10832,6917.49168,1.3833599999998114
2026-01-09 09:01:12.266,6916.10832,6917.49168,1.3833599999998114
2026-01-09 09:01:12.267,6916.10832,6917.49168,1.3833599999998114
2026-01-09 09:01:12.268,6916.10832,6917.49168,1.3833599999998114
2026-01-09 09:01:12.269,6916.10832,6917.49168,1.3833599999998114
2026-01-09 09:01:13.116,6916.3083,6917.6917,1.38340000000062
2026-01-09 09:01:13.117,6916.3083,6917.6917,1.38340000000062
2026-01-09 09:01:13.118,6916.3083,6917.6917,1.38340000000062
2026-01-09 09:01:13.119,6916.3083,6917.6917,1.38340000000062
2026-01-09 09:01:13.120,6916.3083,6917.6917,1.38340000000062
2026-01-09 09:01:13.121,6916.3083,6917.6917,1.38340000000062
2026-01-09 09:01:14.438,6916.10832,6917.49168,1.3833599999998114
2026-01-09 09:01:14.439,6916.10832,6917.49168,1.3833599999998114
2026-01-09 09:01:14.440,6916.10832,6917.49168,1.3833599999998114
2026-01-09 09:01:14.441,6916.10832,6917.49168,1.3833599999998114
2026-01-09 09:01:14.442,6916.10832,6917.49168,1.3833599999998114
2026-01-09 09:01:14.443,6916.10832,6917.49168,1.3833599999998114
2026-01-09 09:01:17.398,6915.908340000001,6917.29166,1.383319999999003
2026-01-09 09:01:17.399,6915.908340000001,6917.29166,1.383319999999003
2026-01-09 09:01:17.400,6915.908340000001,6917.29166,1.383319999999003
2026-01-09 09:01:17.401,6915.908340000001,6917.29166,1.383319999999003
2026-01-09 09:01:17.402,6915.908340000001,6917.29166,1.383319999999003
2026-01-09 09:01:17.403,6915.908340000001,6917.29166,1.383319999999003
2026-01-09 09:01:20.277,6916.00833,6917.39167,1.3833400000003166
2026-01-09 09:01:20.279,6916.00833,6917.39167,1.3833400000003166
2026-01-09 09:01:20.280,6916.00833,6917.39167,1.3833400000003166
2026-01-09 09:01:20.281,6916.00833,6917.39167,1.3833400000003166
2026-01-09 09:01:20.282,6916.00833,6917.39167,1.3833400000003166
2026-01-09 09:01:20.283,6916.00833,6917.39167,1.3833400000003166
2026-01-09 09:01:20.739,6916.10832,6917.49168,1.3833599999998114
2026-01-09 09:01:20.741,6916.10832,6917.49168,1.3833599999998114
2026-01-09 09:01:20.742,6916.10832,6917.49168,1.3833599999998114
2026-01-09 09:01:20.743,6916.10832,6917.49168,1.3833599999998114
2026-01-09 09:01:20.744,6916.10832,6917.49168,1.3833599999998114
2026-01-09 09:01:23.025,6916.00833,6917.39167,1.3833400000003166
2026-01-09 09:01:23.026,6916.00833,6917.39167,1.3833400000003166
2026-01-09 09:01:23.027,6916.00833,6917.39167,1.3833400000003166
2026-01-09 09:01:23.028,6916.00833,6917.39167,1.3833400000003166
2026-01-09 09:01:23.029,6916.00833,6917.39167,1.3833400000003166
2026-01-09 09:01:24.266,6916.10832,6917.49168,1.3833599999998114
2026-01-09 09:01:24.267,6916.10832,6917.49168,1.3833599999998114
2026-01-09 09:01:24.268,6916.10832,6917.49168,1.3833599999998114
2026-01-09 09:01:24.270,6916.10832,6917.49168,1.3833599999998114
2026-01-09 09:01:24.271,6916.10832,6917.49168,1.3833599999998114
2026-01-09 09:01:25.723,6916.40829,6917.79171,1.3834200000001147
2026-01-09 09:01:25.724,6916.40829,6917.79171,1.3834200000001147
2026-01-09 09:01:25.725,6916.40829,6917.79171,1.3834200000001147
2026-01-09 09:01:25.726,6916.40829,6917.79171,1.3834200000001147
2026-01-09 09:01:25.727,6916.40829,6917.79171,1.3834200000001147
2026-01-09 09:01:28.589,6916.10832,6917.49168,1.3833599999998114
2026-01-09 09:01:28.591,6916.10832,6917.49168,1.3833599999998114
2026-01-09 09:01:28.593,6916.10832,6917.49168,1.3833599999998114
2026-01-09 09:01:28.594,6916.10832,6917.49168,1.3833599999998114
2026-01-09 09:01:28.595,6916.10832,6917.49168,1.3833599999998114
2026-01-09 09:01:28.596,6916.10832,6917.49168,1.3833599999998114
2026-01-09 09:01:37.188,6916.40829,6917.79171,1.3834200000001147
2026-01-09 09:01:37.189,6916.40829,6917.79171,1.3834200000001147
2026-01-09 09:01:37.190,6916.40829,6917.79171,1.3834200000001147
2026-01-09 09:01:37.191,6916.40829,6917.79171,1.3834200000001147
2026-01-09 09:01:37.192,6916.40829,6917.79171,1.3834200000001147
2026-01-09 09:01:37.193,6916.40829,6917.79171,1.3834200000001147
2026-01-09 09:01:38.210,6916.10832,6917.49168,1.3833599999998114
2026-01-09 09:01:38.212,6916.10832,6917.49168,1.3833599999998114
2026-01-09 09:01:38.213,6916.10832,6917.49168,1.3833599999998114
2026-01-09 09:01:38.214,6916.10832,6917.49168,1.3833599999998114
2026-01-09 09:01:40.687,6916.20831,6917.591689999999,1.3833799999993062
2026-01-09 09:01:40.688,6916.20831,6917.591689999999,1.3833799999993062
2026-01-09 09:01:40.689,6916.20831,6917.591689999999,1.3833799999993062
2026-01-09 09:01:40.690,6916.20831,6917.591689999999,1.3833799999993062
2026-01-09 09:01:40.691,6916.20831,6917.591689999999,1.3833799999993062
2026-01-09 09:01:41.160,6916.10832,6917.49168,1.3833599999998114
2026-01-09 09:01:41.162,6916.10832,6917.49168,1.3833599999998114
2026-01-09 09:01:41.163,6916.10832,6917.49168,1.3833599999998114
2026-01-09 09:01:41.164,6916.10832,6917.49168,1.3833599999998114
2026-01-09 09:01:41.165,6916.10832,6917.49168,1.3833599999998114
2026-01-09 09:01:41.166,6916.10832,6917.49168,1.3833599999998114
2026-01-09 09:01:44.824,6916.40829,6917.79171,1.3834200000001147
2026-01-09 09:01:44.825,6916.40829,6917.79171,1.3834200000001147
2026-01-09 09:01:44.826,6916.40829,6917.79171,1.3834200000001147
2026-01-09 09:01:44.827,6916.40829,6917.79171,1.3834200000001147
2026-01-09 09:01:44.828,6916.40829,6917.79171,1.3834200000001147
2026-01-09 09:01:45.807,6916.10832,6917.49168,1.3833599999998114
2026-01-09 09:01:45.808,6916.10832,6917.49168,1.3833599999998114
2026-01-09 09:01:45.809,6916.10832,6917.49168,1.3833599999998114
2026-01-09 09:01:45.811,6916.10832,6917.49168,1.3833599999998114
2026-01-09 09:01:45.812,6916.10832,6917.49168,1.3833599999998114
2026-01-09 09:01:45.813,6916.10832,6917.49168,1.3833599999998114
2026-01-09 09:01:45.814,6916.10832,6917.49168,1.3833599999998114
2026-01-09 09:01:46.299,6915.70836,6917.09164,1.3832800000000134
2026-01-09 09:01:46.300,6915.70836,6917.09164,1.3832800000000134
2026-01-09 09:01:46.301,6915.70836,6917.09164,1.3832800000000134
2026-01-09 09:01:46.302,6915.70836,6917.09164,1.3832800000000134
2026-01-09 09:01:46.303,6915.70836,6917.09164,1.3832800000000134
2026-01-09 09:01:47.260,6915.60837,6916.99163,1.3832600000005186
2026-01-09 09:01:47.261,6915.60837,6916.99163,1.3832600000005186
2026-01-09 09:01:47.262,6915.60837,6916.99163,1.3832600000005186
2026-01-09 09:01:47.263,6915.60837,6916.99163,1.3832600000005186
2026-01-09 09:01:47.264,6915.60837,6916.99163,1.3832600000005186
2026-01-09 09:01:48.145,6915.908340000001,6917.29166,1.383319999999003
2026-01-09 09:01:48.146,6915.908340000001,6917.29166,1.383319999999003
2026-01-09 09:01:48.147,6915.908340000001,6917.29166,1.383319999999003
2026-01-09 09:01:48.148,6915.908340000001,6917.29166,1.383319999999003
2026-01-09 09:01:48.149,6915.908340000001,6917.29166,1.383319999999003
2026-01-09 09:01:48.150,6915.908340000001,6917.29166,1.383319999999003
2026-01-09 09:01:50.106,6915.80835,6917.19165,1.3832999999995081
2026-01-09 09:01:50.107,6915.80835,6917.19165,1.3832999999995081
2026-01-09 09:01:50.108,6915.80835,6917.19165,1.3832999999995081
2026-01-09 09:01:50.109,6915.80835,6917.19165,1.3832999999995081
2026-01-09 09:01:51.059,6915.60837,6916.99163,1.3832600000005186
2026-01-09 09:01:51.060,6915.60837,6916.99163,1.3832600000005186
2026-01-09 09:01:51.061,6915.60837,6916.99163,1.3832600000005186
2026-01-09 09:01:51.062,6915.60837,6916.99163,1.3832600000005186
2026-01-09 09:01:51.063,6915.60837,6916.99163,1.3832600000005186
2026-01-09 09:01:56.508,6915.4083900000005,6916.79161,1.3832199999997101
2026-01-09 09:01:56.509,6915.4083900000005,6916.79161,1.3832199999997101
2026-01-09 09:01:56.510,6915.4083900000005,6916.79161,1.3832199999997101
2026-01-09 09:01:56.511,6915.4083900000005,6916.79161,1.3832199999997101
2026-01-09 09:01:57.994,6915.1084200000005,6916.49158,1.3831599999994069
2026-01-09 09:01:57.995,6915.1084200000005,6916.49158,1.3831599999994069
2026-01-09 09:01:57.996,6915.1084200000005,6916.49158,1.3831599999994069
2026-01-09 09:01:57.997,6915.1084200000005,6916.49158,1.3831599999994069
2026-01-09 09:01:58.454,6915.4083900000005,6916.79161,1.3832199999997101
2026-01-09 09:01:58.455,6915.4083900000005,6916.79161,1.3832199999997101
2026-01-09 09:01:58.456,6915.4083900000005,6916.79161,1.3832199999997101
2026-01-09 09:01:58.457,6915.4083900000005,6916.79161,1.3832199999997101
2026-01-09 09:01:58.458,6915.4083900000005,6916.79161,1.3832199999997101
2026-01-09 09:01:58.838,6915.208409999999,6916.59159,1.3831800000007206
2026-01-09 09:01:58.839,6915.208409999999,6916.59159,1.3831800000007206
2026-01-09 09:01:58.840,6915.208409999999,6916.59159,1.3831800000007206
2026-01-09 09:01:58.841,6915.208409999999,6916.59159,1.3831800000007206
2026-01-09 09:01:59.482,6915.4083900000005,6916.79161,1.3832199999997101
2026-01-09 09:01:59.483,6915.4083900000005,6916.79161,1.3832199999997101
2026-01-09 09:01:59.485,6915.4083900000005,6916.79161,1.3832199999997101
2026-01-09 09:01:59.487,6915.4083900000005,6916.79161,1.3832199999997101
2026-01-09 09:01:59.488,6915.4083900000005,6916.79161,1.3832199999997101
2026-01-09 09:01:59.489,6915.4083900000005,6916.79161,1.3832199999997101
2026-01-09 09:02:00.366,6915.60837,6916.99163,1.3832600000005186
2026-01-09 09:02:00.369,6915.60837,6916.99163,1.3832600000005186
2026-01-09 09:02:00.370,6915.60837,6916.99163,1.3832600000005186
2026-01-09 09:02:00.371,6915.60837,6916.99163,1.3832600000005186
2026-01-09 09:02:00.372,6915.60837,6916.99163,1.3832600000005186
2026-01-09 09:02:03.323,6915.50838,6916.891619999999,1.3832399999992049
2026-01-09 09:02:03.324,6915.50838,6916.891619999999,1.3832399999992049
2026-01-09 09:02:03.326,6915.50838,6916.891619999999,1.3832399999992049
2026-01-09 09:02:03.327,6915.50838,6916.891619999999,1.3832399999992049
2026-01-09 09:02:03.328,6915.50838,6916.891619999999,1.3832399999992049
2026-01-09 09:02:03.329,6915.50838,6916.891619999999,1.3832399999992049
2026-01-09 09:02:03.723,6915.60837,6916.99163,1.3832600000005186
2026-01-09 09:02:03.724,6915.60837,6916.99163,1.3832600000005186
2026-01-09 09:02:03.725,6915.60837,6916.99163,1.3832600000005186
2026-01-09 09:02:03.726,6915.60837,6916.99163,1.3832600000005186
2026-01-09 09:02:03.727,6915.60837,6916.99163,1.3832600000005186
2026-01-09 09:02:03.728,6915.60837,6916.99163,1.3832600000005186
2026-01-09 09:02:06.144,6915.70836,6917.09164,1.3832800000000134
2026-01-09 09:02:06.146,6915.70836,6917.09164,1.3832800000000134
2026-01-09 09:02:06.147,6915.70836,6917.09164,1.3832800000000134
2026-01-09 09:02:06.148,6915.70836,6917.09164,1.3832800000000134
2026-01-09 09:02:06.149,6915.70836,6917.09164,1.3832800000000134
2026-01-09 09:02:06.150,6915.70836,6917.09164,1.3832800000000134
2026-01-09 09:02:06.669,6915.908340000001,6917.29166,1.383319999999003
2026-01-09 09:02:06.670,6915.908340000001,6917.29166,1.383319999999003
2026-01-09 09:02:06.671,6915.908340000001,6917.29166,1.383319999999003
2026-01-09 09:02:06.672,6915.908340000001,6917.29166,1.383319999999003
2026-01-09 09:02:06.673,6915.908340000001,6917.29166,1.383319999999003
2026-01-09 09:02:08.120,6915.60837,6916.99163,1.3832600000005186
2026-01-09 09:02:08.121,6915.60837,6916.99163,1.3832600000005186
2026-01-09 09:02:08.122,6915.60837,6916.99163,1.3832600000005186
2026-01-09 09:02:08.123,6915.60837,6916.99163,1.3832600000005186
2026-01-09 09:02:08.124,6915.60837,6916.99163,1.3832600000005186
2026-01-09 09:02:08.125,6915.60837,6916.99163,1.3832600000005186
2026-01-09 09:02:10.680,6915.80835,6917.19165,1.3832999999995081
2026-01-09 09:02:10.681,6915.80835,6917.19165,1.3832999999995081
2026-01-09 09:02:10.682,6915.80835,6917.19165,1.3832999999995081
2026-01-09 09:02:10.690,6915.80835,6917.19165,1.3832999999995081
2026-01-09 09:02:10.691,6915.80835,6917.19165,1.3832999999995081
2026-01-09 09:02:11.096,6915.908340000001,6917.29166,1.383319999999003
2026-01-09 09:02:11.100,6915.908340000001,6917.29166,1.383319999999003
2026-01-09 09:02:11.101,6915.908340000001,6917.29166,1.383319999999003
2026-01-09 09:02:11.102,6915.908340000001,6917.29166,1.383319999999003
2026-01-09 09:02:11.103,6915.908340000001,6917.29166,1.383319999999003
2026-01-09 09:02:11.104,6915.908340000001,6917.29166,1.383319999999003
2026-01-09 09:02:12.836,6915.60837,6916.99163,1.3832600000005186
2026-01-09 09:02:12.838,6915.60837,6916.99163,1.3832600000005186
2026-01-09 09:02:12.839,6915.60837,6916.99163,1.3832600000005186
2026-01-09 09:02:12.840,6915.60837,6916.99163,1.3832600000005186
2026-01-09 09:02:12.841,6915.60837,6916.99163,1.3832600000005186
2026-01-09 09:02:16.935,6915.4083900000005,6916.79161,1.3832199999997101
2026-01-09 09:02:16.936,6915.4083900000005,6916.79161,1.3832199999997101
2026-01-09 09:02:16.937,6915.4083900000005,6916.79161,1.3832199999997101
2026-01-09 09:02:16.938,6915.4083900000005,6916.79161,1.3832199999997101
2026-01-09 09:02:16.939,6915.4083900000005,6916.79161,1.3832199999997101
2026-01-09 09:02:17.496,6915.60837,6916.99163,1.3832600000005186
2026-01-09 09:02:17.497,6915.60837,6916.99163,1.3832600000005186
2026-01-09 09:02:17.498,6915.60837,6916.99163,1.3832600000005186
2026-01-09 09:02:17.499,6915.60837,6916.99163,1.3832600000005186
2026-01-09 09:02:17.506,6915.60837,6916.99163,1.3832600000005186
2026-01-09 09:02:17.507,6915.60837,6916.99163,1.3832600000005186
2026-01-09 09:02:19.322,6915.4083900000005,6916.79161,1.3832199999997101
2026-01-09 09:02:19.323,6915.4083900000005,6916.79161,1.3832199999997101
2026-01-09 09:02:19.324,6915.4083900000005,6916.79161,1.3832199999997101
2026-01-09 09:02:19.325,6915.4083900000005,6916.79161,1.3832199999997101
2026-01-09 09:02:19.326,6915.4083900000005,6916.79161,1.3832199999997101
2026-01-09 09:02:19.327,6915.4083900000005,6916.79161,1.3832199999997101
2026-01-09 09:02:19.831,6915.1084200000005,6916.49158,1.3831599999994069
2026-01-09 09:02:19.833,6915.1084200000005,6916.49158,1.3831599999994069
2026-01-09 09:02:19.834,6915.1084200000005,6916.49158,1.3831599999994069
2026-01-09 09:02:19.835,6915.1084200000005,6916.49158,1.3831599999994069
2026-01-09 09:02:19.836,6915.1084200000005,6916.49158,1.3831599999994069
2026-01-09 09:02:21.322,6915.4083900000005,6916.79161,1.3832199999997101
2026-01-09 09:02:21.323,6915.4083900000005,6916.79161,1.3832199999997101
2026-01-09 09:02:21.324,6915.4083900000005,6916.79161,1.3832199999997101
2026-01-09 09:02:21.325,6915.4083900000005,6916.79161,1.3832199999997101
2026-01-09 09:02:22.269,6915.60837,6916.99163,1.3832600000005186
2026-01-09 09:02:22.270,6915.60837,6916.99163,1.3832600000005186
2026-01-09 09:02:22.271,6915.60837,6916.99163,1.3832600000005186
2026-01-09 09:02:22.272,6915.60837,6916.99163,1.3832600000005186
2026-01-09 09:02:23.303,6915.4083900000005,6916.79161,1.3832199999997101
2026-01-09 09:02:23.305,6915.4083900000005,6916.79161,1.3832199999997101
2026-01-09 09:02:23.306,6915.4083900000005,6916.79161,1.3832199999997101
2026-01-09 09:02:23.307,6915.4083900000005,6916.79161,1.3832199999997101
2026-01-09 09:02:23.308,6915.4083900000005,6916.79161,1.3832199999997101
2026-01-09 09:02:23.309,6915.4083900000005,6916.79161,1.3832199999997101
2026-01-09 09:02:31.589,6915.50838,6916.891619999999,1.3832399999992049
2026-01-09 09:02:31.590,6915.50838,6916.891619999999,1.3832399999992049
2026-01-09 09:02:31.591,6915.50838,6916.891619999999,1.3832399999992049
2026-01-09 09:02:31.592,6915.50838,6916.891619999999,1.3832399999992049
2026-01-09 09:02:31.593,6915.50838,6916.891619999999,1.3832399999992049
2026-01-09 09:02:32.032,6915.60837,6916.99163,1.3832600000005186
2026-01-09 09:02:32.033,6915.60837,6916.99163,1.3832600000005186
2026-01-09 09:02:32.034,6915.60837,6916.99163,1.3832600000005186
2026-01-09 09:02:32.035,6915.60837,6916.99163,1.3832600000005186
2026-01-09 09:02:32.578,6915.4083900000005,6916.79161,1.3832199999997101
2026-01-09 09:02:32.579,6915.4083900000005,6916.79161,1.3832199999997101
2026-01-09 09:02:32.580,6915.4083900000005,6916.79161,1.3832199999997101
2026-01-09 09:02:32.581,6915.4083900000005,6916.79161,1.3832199999997101
2026-01-09 09:02:32.585,6915.4083900000005,6916.79161,1.3832199999997101
2026-01-09 09:02:35.739,6915.50838,6916.891619999999,1.3832399999992049
2026-01-09 09:02:35.740,6915.50838,6916.891619999999,1.3832399999992049
2026-01-09 09:02:35.741,6915.50838,6916.891619999999,1.3832399999992049
2026-01-09 09:02:35.742,6915.50838,6916.891619999999,1.3832399999992049
2026-01-09 09:02:35.743,6915.50838,6916.891619999999,1.3832399999992049
2026-01-09 09:02:36.796,6915.60837,6916.99163,1.3832600000005186
2026-01-09 09:02:36.797,6915.60837,6916.99163,1.3832600000005186
2026-01-09 09:02:36.798,6915.60837,6916.99163,1.3832600000005186
2026-01-09 09:02:36.799,6915.60837,6916.99163,1.3832600000005186
2026-01-09 09:02:36.800,6915.60837,6916.99163,1.3832600000005186
2026-01-09 09:02:37.693,6915.50838,6916.891619999999,1.3832399999992049
2026-01-09 09:02:37.694,6915.50838,6916.891619999999,1.3832399999992049
2026-01-09 09:02:37.695,6915.50838,6916.891619999999,1.3832399999992049
2026-01-09 09:02:37.696,6915.50838,6916.891619999999,1.3832399999992049
2026-01-09 09:02:38.637,6915.60837,6916.99163,1.3832600000005186
2026-01-09 09:02:38.640,6915.60837,6916.99163,1.3832600000005186
2026-01-09 09:02:38.641,6915.60837,6916.99163,1.3832600000005186
2026-01-09 09:02:38.642,6915.60837,6916.99163,1.3832600000005186
2026-01-09 09:02:38.643,6915.60837,6916.99163,1.3832600000005186
2026-01-09 09:02:43.062,6915.4083900000005,6916.79161,1.3832199999997101
2026-01-09 09:02:43.063,6915.4083900000005,6916.79161,1.3832199999997101
2026-01-09 09:02:43.064,6915.4083900000005,6916.79161,1.3832199999997101
2026-01-09 09:02:43.065,6915.4083900000005,6916.79161,1.3832199999997101
2026-01-09 09:02:43.066,6915.4083900000005,6916.79161,1.3832199999997101
2026-01-09 09:02:43.480,6915.50838,6916.891619999999,1.3832399999992049
2026-01-09 09:02:43.482,6915.50838,6916.891619999999,1.3832399999992049
2026-01-09 09:02:43.483,6915.50838,6916.891619999999,1.3832399999992049
2026-01-09 09:02:43.484,6915.50838,6916.891619999999,1.3832399999992049
2026-01-09 09:02:43.485,6915.50838,6916.891619999999,1.3832399999992049
2026-01-09 09:02:47.807,6915.60837,6916.99163,1.3832600000005186
2026-01-09 09:02:47.809,6915.60837,6916.99163,1.3832600000005186
2026-01-09 09:02:47.810,6915.60837,6916.99163,1.3832600000005186
2026-01-09 09:02:47.811,6915.60837,6916.99163,1.3832600000005186
2026-01-09 09:02:47.812,6915.60837,6916.99163,1.3832600000005186
2026-01-09 09:02:52.689,6915.908340000001,6917.29166,1.383319999999003
2026-01-09 09:02:52.690,6915.908340000001,6917.29166,1.383319999999003
2026-01-09 09:02:52.691,6915.908340000001,6917.29166,1.383319999999003
2026-01-09 09:02:52.692,6915.908340000001,6917.29166,1.383319999999003
2026-01-09 09:03:04.584,6915.60837,6916.99163,1.3832600000005186
2026-01-09 09:03:04.586,6915.60837,6916.99163,1.3832600000005186
2026-01-09 09:03:04.587,6915.60837,6916.99163,1.3832600000005186
2026-01-09 09:03:04.588,6915.60837,6916.99163,1.3832600000005186
2026-01-09 09:03:04.589,6915.60837,6916.99163,1.3832600000005186
2026-01-09 09:03:04.590,6915.60837,6916.99163,1.3832600000005186
2026-01-09 09:03:11.206,6915.4083900000005,6916.79161,1.3832199999997101
2026-01-09 09:03:11.207,6915.4083900000005,6916.79161,1.3832199999997101
2026-01-09 09:03:11.208,6915.4083900000005,6916.79161,1.3832199999997101
2026-01-09 09:03:11.209,6915.4083900000005,6916.79161,1.3832199999997101
2026-01-09 09:03:11.210,6915.4083900000005,6916.79161,1.3832199999997101
2026-01-09 09:03:11.211,6915.4083900000005,6916.79161,1.3832199999997101
2026-01-09 09:03:11.879,6915.50838,6916.891619999999,1.3832399999992049
2026-01-09 09:03:11.880,6915.50838,6916.891619999999,1.3832399999992049
2026-01-09 09:03:11.881,6915.50838,6916.891619999999,1.3832399999992049
2026-01-09 09:03:11.882,6915.50838,6916.891619999999,1.3832399999992049
2026-01-09 09:03:11.883,6915.50838,6916.891619999999,1.3832399999992049
2026-01-09 09:03:11.884,6915.50838,6916.891619999999,1.3832399999992049
2026-01-09 09:03:11.885,6915.50838,6916.891619999999,1.3832399999992049
2026-01-09 09:03:12.302,6915.60837,6916.99163,1.3832600000005186
2026-01-09 09:03:12.303,6915.60837,6916.99163,1.3832600000005186
2026-01-09 09:03:12.304,6915.60837,6916.99163,1.3832600000005186
2026-01-09 09:03:12.305,6915.60837,6916.99163,1.3832600000005186
2026-01-09 09:03:12.306,6915.60837,6916.99163,1.3832600000005186
2026-01-09 09:03:12.307,6915.60837,6916.99163,1.3832600000005186
2026-01-09 09:03:17.707,6915.908340000001,6917.29166,1.383319999999003
2026-01-09 09:03:17.708,6915.908340000001,6917.29166,1.383319999999003
2026-01-09 09:03:17.709,6915.908340000001,6917.29166,1.383319999999003
2026-01-09 09:03:17.710,6915.908340000001,6917.29166,1.383319999999003
2026-01-09 09:03:17.711,6915.908340000001,6917.29166,1.383319999999003
2026-01-09 09:03:17.712,6915.908340000001,6917.29166,1.383319999999003
2026-01-09 09:03:24.535,6915.70836,6917.09164,1.3832800000000134
2026-01-09 09:03:24.536,6915.70836,6917.09164,1.3832800000000134
2026-01-09 09:03:24.537,6915.70836,6917.09164,1.3832800000000134
2026-01-09 09:03:24.538,6915.70836,6917.09164,1.3832800000000134
2026-01-09 09:03:24.973,6915.60837,6916.99163,1.3832600000005186
2026-01-09 09:03:24.974,6915.60837,6916.99163,1.3832600000005186
2026-01-09 09:03:24.975,6915.60837,6916.99163,1.3832600000005186
2026-01-09 09:03:24.976,6915.60837,6916.99163,1.3832600000005186
2026-01-09 09:03:28.390,6915.4083900000005,6916.79161,1.3832199999997101
2026-01-09 09:03:28.394,6915.4083900000005,6916.79161,1.3832199999997101
2026-01-09 09:03:28.399,6915.4083900000005,6916.79161,1.3832199999997101
2026-01-09 09:03:28.400,6915.4083900000005,6916.79161,1.3832199999997101
2026-01-09 09:03:28.403,6915.4083900000005,6916.79161,1.3832199999997101
2026-01-09 09:03:28.404,6915.4083900000005,6916.79161,1.3832199999997101
2026-01-09 09:03:28.406,6915.4083900000005,6916.79161,1.3832199999997101
2026-01-09 09:03:28.608,6915.60837,6916.99163,1.3832600000005186
2026-01-09 09:03:28.609,6915.60837,6916.99163,1.3832600000005186
2026-01-09 09:03:28.610,6915.60837,6916.99163,1.3832600000005186
2026-01-09 09:03:28.611,6915.60837,6916.99163,1.3832600000005186
2026-01-09 09:03:28.612,6915.60837,6916.99163,1.3832600000005186
2026-01-09 09:03:28.613,6915.60837,6916.99163,1.3832600000005186
2026-01-09 09:03:34.915,6915.908340000001,6917.29166,1.383319999999003
2026-01-09 09:03:34.916,6915.908340000001,6917.29166,1.383319999999003
2026-01-09 09:03:34.917,6915.908340000001,6917.29166,1.383319999999003
2026-01-09 09:03:34.918,6915.908340000001,6917.29166,1.383319999999003
2026-01-09 09:03:34.919,6915.908340000001,6917.29166,1.383319999999003
2026-01-09 09:03:34.921,6915.908340000001,6917.29166,1.383319999999003
2026-01-09 09:03:34.922,6915.908340000001,6917.29166,1.383319999999003
2026-01-09 09:03:35.522,6916.00833,6917.39167,1.3833400000003166
2026-01-09 09:03:35.524,6916.00833,6917.39167,1.3833400000003166
2026-01-09 09:03:35.525,6916.00833,6917.39167,1.3833400000003166
2026-01-09 09:03:35.526,6916.00833,6917.39167,1.3833400000003166
2026-01-09 09:03:35.527,6916.00833,6917.39167,1.3833400000003166
2026-01-09 09:03:36.056,6916.10832,6917.49168,1.3833599999998114
2026-01-09 09:03:36.057,6916.10832,6917.49168,1.3833599999998114
2026-01-09 09:03:36.058,6916.10832,6917.49168,1.3833599999998114
2026-01-09 09:03:36.059,6916.10832,6917.49168,1.3833599999998114
2026-01-09 09:03:36.060,6916.10832,6917.49168,1.3833599999998114
2026-01-09 09:03:36.061,6916.10832,6917.49168,1.3833599999998114
2026-01-09 09:03:53.923,6915.70836,6917.09164,1.3832800000000134
2026-01-09 09:03:53.925,6915.70836,6917.09164,1.3832800000000134
2026-01-09 09:03:53.926,6915.70836,6917.09164,1.3832800000000134
2026-01-09 09:03:53.927,6915.70836,6917.09164,1.3832800000000134
2026-01-09 09:03:53.928,6915.70836,6917.09164,1.3832800000000134
2026-01-09 09:03:53.929,6915.70836,6917.09164,1.3832800000000134
2026-01-09 09:03:55.960,6915.60837,6916.99163,1.3832600000005186
2026-01-09 09:03:55.961,6915.60837,6916.99163,1.3832600000005186
2026-01-09 09:03:55.962,6915.60837,6916.99163,1.3832600000005186
2026-01-09 09:03:55.963,6915.60837,6916.99163,1.3832600000005186
2026-01-09 09:03:55.964,6915.60837,6916.99163,1.3832600000005186
2026-01-09 09:03:56.430,6915.70836,6917.09164,1.3832800000000134
2026-01-09 09:03:56.432,6915.70836,6917.09164,1.3832800000000134
2026-01-09 09:03:56.433,6915.70836,6917.09164,1.3832800000000134
2026-01-09 09:03:56.434,6915.70836,6917.09164,1.3832800000000134
2026-01-09 09:03:56.435,6915.70836,6917.09164,1.3832800000000134
2026-01-09 09:03:58.525,6915.60837,6916.99163,1.3832600000005186
2026-01-09 09:03:58.526,6915.60837,6916.99163,1.3832600000005186
2026-01-09 09:03:58.527,6915.60837,6916.99163,1.3832600000005186
2026-01-09 09:03:58.528,6915.60837,6916.99163,1.3832600000005186
2026-01-09 09:03:58.529,6915.60837,6916.99163,1.3832600000005186
2026-01-09 09:03:59.351,6915.4083900000005,6916.79161,1.3832199999997101
2026-01-09 09:03:59.353,6915.4083900000005,6916.79161,1.3832199999997101
2026-01-09 09:03:59.354,6915.4083900000005,6916.79161,1.3832199999997101
2026-01-09 09:03:59.355,6915.4083900000005,6916.79161,1.3832199999997101
2026-01-09 09:03:59.356,6915.4083900000005,6916.79161,1.3832199999997101
2026-01-09 09:04:01.865,6915.50838,6916.891619999999,1.3832399999992049
2026-01-09 09:04:01.869,6915.50838,6916.891619999999,1.3832399999992049
2026-01-09 09:04:01.870,6915.50838,6916.891619999999,1.3832399999992049
2026-01-09 09:04:01.871,6915.50838,6916.891619999999,1.3832399999992049
2026-01-09 09:04:01.872,6915.50838,6916.891619999999,1.3832399999992049
2026-01-09 09:04:01.873,6915.50838,6916.891619999999,1.3832399999992049
2026-01-09 09:04:02.780,6915.4083900000005,6916.79161,1.3832199999997101
2026-01-09 09:04:02.782,6915.4083900000005,6916.79161,1.3832199999997101
2026-01-09 09:04:02.783,6915.4083900000005,6916.79161,1.3832199999997101
2026-01-09 09:04:02.784,6915.4083900000005,6916.79161,1.3832199999997101
2026-01-09 09:04:08.431,6915.1084200000005,6916.49158,1.3831599999994069
2026-01-09 09:04:08.432,6915.1084200000005,6916.49158,1.3831599999994069
2026-01-09 09:04:08.433,6915.1084200000005,6916.49158,1.3831599999994069
2026-01-09 09:04:08.434,6915.1084200000005,6916.49158,1.3831599999994069
2026-01-09 09:04:08.435,6915.1084200000005,6916.49158,1.3831599999994069
2026-01-09 09:04:11.640,6914.90844,6916.291560000001,1.3831200000004173
2026-01-09 09:04:11.641,6914.90844,6916.291560000001,1.3831200000004173
2026-01-09 09:04:11.642,6914.90844,6916.291560000001,1.3831200000004173
2026-01-09 09:04:11.643,6914.90844,6916.291560000001,1.3831200000004173
2026-01-09 09:04:11.644,6914.90844,6916.291560000001,1.3831200000004173
2026-01-09 09:04:11.645,6914.90844,6916.291560000001,1.3831200000004173
2026-01-09 09:04:12.726,6914.60847,6915.99153,1.383060000000114
2026-01-09 09:04:12.728,6914.60847,6915.99153,1.383060000000114
2026-01-09 09:04:12.729,6914.60847,6915.99153,1.383060000000114
2026-01-09 09:04:12.730,6914.60847,6915.99153,1.383060000000114
2026-01-09 09:04:12.731,6914.60847,6915.99153,1.383060000000114
2026-01-09 09:04:12.732,6914.60847,6915.99153,1.383060000000114
2026-01-09 09:04:25.132,6914.90844,6916.291560000001,1.3831200000004173
2026-01-09 09:04:25.133,6914.90844,6916.291560000001,1.3831200000004173
2026-01-09 09:04:25.135,6914.90844,6916.291560000001,1.3831200000004173
2026-01-09 09:04:25.137,6914.90844,6916.291560000001,1.3831200000004173
2026-01-09 09:04:25.138,6914.90844,6916.291560000001,1.3831200000004173
2026-01-09 09:04:25.139,6914.90844,6916.291560000001,1.3831200000004173
2026-01-09 09:04:25.140,6914.90844,6916.291560000001,1.3831200000004173
2026-01-09 09:04:25.559,6915.1084200000005,6916.49158,1.3831599999994069
2026-01-09 09:04:25.561,6915.1084200000005,6916.49158,1.3831599999994069
2026-01-09 09:04:25.562,6915.1084200000005,6916.49158,1.3831599999994069
2026-01-09 09:04:25.563,6915.1084200000005,6916.49158,1.3831599999994069
2026-01-09 09:04:25.564,6915.1084200000005,6916.49158,1.3831599999994069
2026-01-09 09:04:25.565,6915.1084200000005,6916.49158,1.3831599999994069
2026-01-09 09:04:26.022,6915.4083900000005,6916.79161,1.3832199999997101
2026-01-09 09:04:26.023,6915.4083900000005,6916.79161,1.3832199999997101
2026-01-09 09:04:26.024,6915.4083900000005,6916.79161,1.3832199999997101
2026-01-09 09:04:26.025,6915.4083900000005,6916.79161,1.3832199999997101
2026-01-09 09:04:26.435,6915.1084200000005,6916.49158,1.3831599999994069
2026-01-09 09:04:26.436,6915.1084200000005,6916.49158,1.3831599999994069
2026-01-09 09:04:26.438,6915.1084200000005,6916.49158,1.3831599999994069
2026-01-09 09:04:26.439,6915.1084200000005,6916.49158,1.3831599999994069
2026-01-09 09:04:28.431,6915.208409999999,6916.59159,1.3831800000007206
2026-01-09 09:04:28.504,6915.208409999999,6916.59159,1.3831800000007206
2026-01-09 09:04:28.507,6915.208409999999,6916.59159,1.3831800000007206
2026-01-09 09:04:28.508,6915.208409999999,6916.59159,1.3831800000007206
2026-01-09 09:04:28.512,6915.208409999999,6916.59159,1.3831800000007206
2026-01-09 09:04:28.513,6915.208409999999,6916.59159,1.3831800000007206
2026-01-09 09:04:28.514,6915.208409999999,6916.59159,1.3831800000007206
2026-01-09 09:04:28.716,6915.4083900000005,6916.79161,1.3832199999997101
2026-01-09 09:04:28.717,6915.4083900000005,6916.79161,1.3832199999997101
2026-01-09 09:04:28.718,6915.4083900000005,6916.79161,1.3832199999997101
2026-01-09 09:04:28.719,6915.4083900000005,6916.79161,1.3832199999997101
2026-01-09 09:04:28.720,6915.4083900000005,6916.79161,1.3832199999997101
2026-01-09 09:04:29.038,6915.3084,6916.6916,1.3832000000002154
2026-01-09 09:04:29.039,6915.3084,6916.6916,1.3832000000002154
2026-01-09 09:04:29.040,6915.3084,6916.6916,1.3832000000002154
2026-01-09 09:04:29.041,6915.3084,6916.6916,1.3832000000002154
2026-01-09 09:04:29.042,6915.3084,6916.6916,1.3832000000002154
2026-01-09 09:04:29.764,6915.208409999999,6916.59159,1.3831800000007206
2026-01-09 09:04:29.765,6915.208409999999,6916.59159,1.3831800000007206
2026-01-09 09:04:29.766,6915.208409999999,6916.59159,1.3831800000007206
2026-01-09 09:04:29.768,6915.208409999999,6916.59159,1.3831800000007206
2026-01-09 09:04:29.769,6915.208409999999,6916.59159,1.3831800000007206
2026-01-09 09:04:30.297,6915.4083900000005,6916.79161,1.3832199999997101
2026-01-09 09:04:30.299,6915.4083900000005,6916.79161,1.3832199999997101
2026-01-09 09:04:30.300,6915.4083900000005,6916.79161,1.3832199999997101
2026-01-09 09:04:30.301,6915.4083900000005,6916.79161,1.3832199999997101
2026-01-09 09:04:30.302,6915.4083900000005,6916.79161,1.3832199999997101
2026-01-09 09:04:30.303,6915.4083900000005,6916.79161,1.3832199999997101
2026-01-09 09:04:30.304,6915.4083900000005,6916.79161,1.3832199999997101
2026-01-09 09:04:30.808,6915.60837,6916.99163,1.3832600000005186
2026-01-09 09:04:30.809,6915.60837,6916.99163,1.3832600000005186
2026-01-09 09:04:30.812,6915.60837,6916.99163,1.3832600000005186
2026-01-09 09:04:30.813,6915.60837,6916.99163,1.3832600000005186
2026-01-09 09:04:30.814,6915.60837,6916.99163,1.3832600000005186
2026-01-09 09:04:34.226,6915.4083900000005,6916.79161,1.3832199999997101
2026-01-09 09:04:34.227,6915.4083900000005,6916.79161,1.3832199999997101
2026-01-09 09:04:34.229,6915.4083900000005,6916.79161,1.3832199999997101
2026-01-09 09:04:34.230,6915.4083900000005,6916.79161,1.3832199999997101
2026-01-09 09:04:34.231,6915.4083900000005,6916.79161,1.3832199999997101
2026-01-09 09:04:34.232,6915.4083900000005,6916.79161,1.3832199999997101
2026-01-09 09:04:35.352,6915.60837,6916.99163,1.3832600000005186
2026-01-09 09:04:35.353,6915.60837,6916.99163,1.3832600000005186
2026-01-09 09:04:35.354,6915.60837,6916.99163,1.3832600000005186
2026-01-09 09:04:35.355,6915.60837,6916.99163,1.3832600000005186
2026-01-09 09:04:35.356,6915.60837,6916.99163,1.3832600000005186
2026-01-09 09:04:35.754,6915.4083900000005,6916.79161,1.3832199999997101
2026-01-09 09:04:35.755,6915.4083900000005,6916.79161,1.3832199999997101
2026-01-09 09:04:35.756,6915.4083900000005,6916.79161,1.3832199999997101
2026-01-09 09:04:35.757,6915.4083900000005,6916.79161,1.3832199999997101
2026-01-09 09:04:35.758,6915.4083900000005,6916.79161,1.3832199999997101
2026-01-09 09:04:35.760,6915.4083900000005,6916.79161,1.3832199999997101
2026-01-09 09:04:36.509,6915.60837,6916.99163,1.3832600000005186
2026-01-09 09:04:36.510,6915.60837,6916.99163,1.3832600000005186
2026-01-09 09:04:36.511,6915.60837,6916.99163,1.3832600000005186
2026-01-09 09:04:36.512,6915.60837,6916.99163,1.3832600000005186
2026-01-09 09:04:36.513,6915.60837,6916.99163,1.3832600000005186
2026-01-09 09:04:37.483,6915.4083900000005,6916.79161,1.3832199999997101
2026-01-09 09:04:37.484,6915.4083900000005,6916.79161,1.3832199999997101
2026-01-09 09:04:37.485,6915.4083900000005,6916.79161,1.3832199999997101
2026-01-09 09:04:37.486,6915.4083900000005,6916.79161,1.3832199999997101
2026-01-09 09:04:37.487,6915.4083900000005,6916.79161,1.3832199999997101
2026-01-09 09:04:40.357,6915.50838,6916.891619999999,1.3832399999992049
2026-01-09 09:04:40.360,6915.50838,6916.891619999999,1.3832399999992049
2026-01-09 09:04:40.361,6915.50838,6916.891619999999,1.3832399999992049
2026-01-09 09:04:40.362,6915.50838,6916.891619999999,1.3832399999992049
2026-01-09 09:04:40.363,6915.50838,6916.891619999999,1.3832399999992049
2026-01-09 09:04:40.364,6915.50838,6916.891619999999,1.3832399999992049
2026-01-09 09:04:42.772,6915.4083900000005,6916.79161,1.3832199999997101
2026-01-09 09:04:42.774,6915.4083900000005,6916.79161,1.3832199999997101
2026-01-09 09:04:42.775,6915.4083900000005,6916.79161,1.3832199999997101
2026-01-09 09:04:42.776,6915.4083900000005,6916.79161,1.3832199999997101
2026-01-09 09:04:57.257,6915.208409999999,6916.59159,1.3831800000007206
2026-01-09 09:04:57.258,6915.208409999999,6916.59159,1.3831800000007206
2026-01-09 09:04:57.261,6915.208409999999,6916.59159,1.3831800000007206
2026-01-09 09:04:57.262,6915.208409999999,6916.59159,1.3831800000007206
2026-01-09 09:04:57.263,6915.208409999999,6916.59159,1.3831800000007206
2026-01-09 09:04:57.264,6915.208409999999,6916.59159,1.3831800000007206
2026-01-09 09:04:57.962,6915.60837,6916.99163,1.3832600000005186
2026-01-09 09:04:57.963,6915.60837,6916.99163,1.3832600000005186
2026-01-09 09:04:57.964,6915.60837,6916.99163,1.3832600000005186
2026-01-09 09:04:57.965,6915.60837,6916.99163,1.3832600000005186
2026-01-09 09:04:57.966,6915.60837,6916.99163,1.3832600000005186
2026-01-09 09:04:59.463,6915.4083900000005,6916.79161,1.3832199999997101
2026-01-09 09:04:59.464,6915.4083900000005,6916.79161,1.3832199999997101
2026-01-09 09:04:59.465,6915.4083900000005,6916.79161,1.3832199999997101
2026-01-09 09:04:59.466,6915.4083900000005,6916.79161,1.3832199999997101
2026-01-09 09:05:03.666,6915.50838,6916.891619999999,1.3832399999992049
2026-01-09 09:05:03.670,6915.50838,6916.891619999999,1.3832399999992049
2026-01-09 09:05:03.671,6915.50838,6916.891619999999,1.3832399999992049
2026-01-09 09:05:03.672,6915.50838,6916.891619999999,1.3832399999992049
2026-01-09 09:05:03.673,6915.50838,6916.891619999999,1.3832399999992049
2026-01-09 09:05:03.674,6915.50838,6916.891619999999,1.3832399999992049
2026-01-09 09:05:04.084,6915.60837,6916.99163,1.3832600000005186
2026-01-09 09:05:04.085,6915.60837,6916.99163,1.3832600000005186
2026-01-09 09:05:04.086,6915.60837,6916.99163,1.3832600000005186
2026-01-09 09:05:04.087,6915.60837,6916.99163,1.3832600000005186
2026-01-09 09:05:04.088,6915.60837,6916.99163,1.3832600000005186
2026-01-09 09:05:04.551,6915.50838,6916.891619999999,1.3832399999992049
2026-01-09 09:05:04.552,6915.50838,6916.891619999999,1.3832399999992049
2026-01-09 09:05:04.553,6915.50838,6916.891619999999,1.3832399999992049
2026-01-09 09:05:04.554,6915.50838,6916.891619999999,1.3832399999992049
2026-01-09 09:05:04.555,6915.50838,6916.891619999999,1.3832399999992049
2026-01-09 09:05:06.360,6915.60837,6916.99163,1.3832600000005186
2026-01-09 09:05:06.361,6915.60837,6916.99163,1.3832600000005186
2026-01-09 09:05:06.362,6915.60837,6916.99163,1.3832600000005186
2026-01-09 09:05:06.363,6915.60837,6916.99163,1.3832600000005186
2026-01-09 09:05:06.364,6915.60837,6916.99163,1.3832600000005186
2026-01-09 09:05:06.365,6915.60837,6916.99163,1.3832600000005186
2026-01-09 09:05:06.366,6915.60837,6916.99163,1.3832600000005186
2026-01-09 09:05:06.886,6915.50838,6916.891619999999,1.3832399999992049
2026-01-09 09:05:06.887,6915.50838,6916.891619999999,1.3832399999992049
2026-01-09 09:05:06.888,6915.50838,6916.891619999999,1.3832399999992049
2026-01-09 09:05:06.889,6915.50838,6916.891619999999,1.3832399999992049
2026-01-09 09:05:07.407,6915.60837,6916.99163,1.3832600000005186
2026-01-09 09:05:07.409,6915.60837,6916.99163,1.3832600000005186
2026-01-09 09:05:07.410,6915.60837,6916.99163,1.3832600000005186
2026-01-09 09:05:07.411,6915.60837,6916.99163,1.3832600000005186
2026-01-09 09:05:07.412,6915.60837,6916.99163,1.3832600000005186
2026-01-09 09:05:07.949,6915.50838,6916.891619999999,1.3832399999992049
2026-01-09 09:05:07.950,6915.50838,6916.891619999999,1.3832399999992049
2026-01-09 09:05:07.952,6915.50838,6916.891619999999,1.3832399999992049
2026-01-09 09:05:07.953,6915.50838,6916.891619999999,1.3832399999992049
2026-01-09 09:05:09.074,6915.908340000001,6917.29166,1.383319999999003
2026-01-09 09:05:09.075,6915.908340000001,6917.29166,1.383319999999003
2026-01-09 09:05:09.076,6915.908340000001,6917.29166,1.383319999999003
2026-01-09 09:05:09.077,6915.908340000001,6917.29166,1.383319999999003
2026-01-09 09:05:14.270,6915.60837,6916.99163,1.3832600000005186
2026-01-09 09:05:14.271,6915.60837,6916.99163,1.3832600000005186
2026-01-09 09:05:14.272,6915.60837,6916.99163,1.3832600000005186
2026-01-09 09:05:14.273,6915.60837,6916.99163,1.3832600000005186
2026-01-09 09:05:14.275,6915.60837,6916.99163,1.3832600000005186
2026-01-09 09:05:15.193,6915.70836,6917.09164,1.3832800000000134
2026-01-09 09:05:15.194,6915.70836,6917.09164,1.3832800000000134
2026-01-09 09:05:15.195,6915.70836,6917.09164,1.3832800000000134
2026-01-09 09:05:15.196,6915.70836,6917.09164,1.3832800000000134
2026-01-09 09:05:15.197,6915.70836,6917.09164,1.3832800000000134
2026-01-09 09:05:16.957,6915.908340000001,6917.29166,1.383319999999003
2026-01-09 09:05:16.959,6915.908340000001,6917.29166,1.383319999999003
2026-01-09 09:05:16.960,6915.908340000001,6917.29166,1.383319999999003
2026-01-09 09:05:16.961,6915.908340000001,6917.29166,1.383319999999003
2026-01-09 09:05:16.962,6915.908340000001,6917.29166,1.383319999999003
2026-01-09 09:05:16.963,6915.908340000001,6917.29166,1.383319999999003
2026-01-09 09:05:20.928,6916.10832,6917.49168,1.3833599999998114
2026-01-09 09:05:20.929,6916.10832,6917.49168,1.3833599999998114
2026-01-09 09:05:20.930,6916.10832,6917.49168,1.3833599999998114
2026-01-09 09:05:24.969,6915.908340000001,6917.29166,1.383319999999003
2026-01-09 09:05:24.970,6915.908340000001,6917.29166,1.383319999999003
2026-01-09 09:05:24.971,6915.908340000001,6917.29166,1.383319999999003
2026-01-09 09:05:24.972,6915.908340000001,6917.29166,1.383319999999003
2026-01-09 09:05:24.973,6915.908340000001,6917.29166,1.383319999999003
2026-01-09 09:05:28.109,6916.10832,6917.49168,1.3833599999998114
2026-01-09 09:05:28.110,6916.10832,6917.49168,1.3833599999998114
2026-01-09 09:05:28.111,6916.10832,6917.49168,1.3833599999998114
2026-01-09 09:05:28.112,6916.10832,6917.49168,1.3833599999998114
2026-01-09 09:05:37.886,6916.00833,6917.39167,1.3833400000003166
2026-01-09 09:05:37.887,6916.00833,6917.39167,1.3833400000003166
2026-01-09 09:05:37.888,6916.00833,6917.39167,1.3833400000003166
2026-01-09 09:05:37.889,6916.00833,6917.39167,1.3833400000003166
2026-01-09 09:05:40.470,6916.10832,6917.49168,1.3833599999998114
2026-01-09 09:05:40.472,6916.10832,6917.49168,1.3833599999998114
2026-01-09 09:05:40.473,6916.10832,6917.49168,1.3833599999998114
2026-01-09 09:05:40.475,6916.10832,6917.49168,1.3833599999998114
2026-01-09 09:05:40.476,6916.10832,6917.49168,1.3833599999998114
2026-01-09 09:05:40.889,6916.40829,6917.79171,1.3834200000001147
2026-01-09 09:05:40.890,6916.40829,6917.79171,1.3834200000001147
2026-01-09 09:05:40.891,6916.40829,6917.79171,1.3834200000001147
2026-01-09 09:05:40.892,6916.40829,6917.79171,1.3834200000001147
2026-01-09 09:05:40.893,6916.40829,6917.79171,1.3834200000001147
2026-01-09 09:05:40.894,6916.40829,6917.79171,1.3834200000001147
2026-01-09 09:05:43.498,6916.608270000001,6917.99173,1.3834599999991042
2026-01-09 09:05:43.499,6916.608270000001,6917.99173,1.3834599999991042
2026-01-09 09:05:43.500,6916.608270000001,6917.99173,1.3834599999991042
2026-01-09 09:05:43.501,6916.608270000001,6917.99173,1.3834599999991042
2026-01-09 09:05:43.502,6916.608270000001,6917.99173,1.3834599999991042
2026-01-09 09:05:43.503,6916.608270000001,6917.99173,1.3834599999991042
2026-01-09 09:05:46.673,6916.40829,6917.79171,1.3834200000001147
2026-01-09 09:05:46.675,6916.40829,6917.79171,1.3834200000001147
2026-01-09 09:05:46.676,6916.40829,6917.79171,1.3834200000001147
2026-01-09 09:05:46.677,6916.40829,6917.79171,1.3834200000001147
2026-01-09 09:05:46.678,6916.40829,6917.79171,1.3834200000001147
2026-01-09 09:05:46.679,6916.40829,6917.79171,1.3834200000001147
2026-01-09 09:05:47.754,6916.608270000001,6917.99173,1.3834599999991042
2026-01-09 09:05:47.755,6916.608270000001,6917.99173,1.3834599999991042
2026-01-09 09:05:47.756,6916.608270000001,6917.99173,1.3834599999991042
2026-01-09 09:05:47.758,6916.608270000001,6917.99173,1.3834599999991042
2026-01-09 09:05:47.759,6916.608270000001,6917.99173,1.3834599999991042
2026-01-09 09:05:50.890,6916.908240000001,6918.29176,1.3835199999994074
2026-01-09 09:05:50.891,6916.908240000001,6918.29176,1.3835199999994074
2026-01-09 09:05:50.892,6916.908240000001,6918.29176,1.3835199999994074
2026-01-09 09:05:50.893,6916.908240000001,6918.29176,1.3835199999994074
2026-01-09 09:05:50.894,6916.908240000001,6918.29176,1.3835199999994074
2026-01-09 09:05:52.373,6916.708259999999,6918.09174,1.383480000000418
2026-01-09 09:05:52.374,6916.708259999999,6918.09174,1.383480000000418
2026-01-09 09:05:52.375,6916.708259999999,6918.09174,1.383480000000418
2026-01-09 09:05:52.376,6916.708259999999,6918.09174,1.383480000000418
2026-01-09 09:05:52.377,6916.708259999999,6918.09174,1.383480000000418
2026-01-09 09:05:53.317,6916.908240000001,6918.29176,1.3835199999994074
2026-01-09 09:05:53.318,6916.908240000001,6918.29176,1.3835199999994074
2026-01-09 09:05:53.319,6916.908240000001,6918.29176,1.3835199999994074
2026-01-09 09:05:53.320,6916.908240000001,6918.29176,1.3835199999994074
2026-01-09 09:05:53.321,6916.908240000001,6918.29176,1.3835199999994074
2026-01-09 09:05:57.300,6917.0082299999995,6918.39177,1.3835400000007212
2026-01-09 09:05:57.301,6917.0082299999995,6918.39177,1.3835400000007212
2026-01-09 09:05:57.302,6917.0082299999995,6918.39177,1.3835400000007212
2026-01-09 09:05:57.303,6917.0082299999995,6918.39177,1.3835400000007212
2026-01-09 09:05:57.764,6916.908240000001,6918.29176,1.3835199999994074
2026-01-09 09:05:57.765,6916.908240000001,6918.29176,1.3835199999994074
2026-01-09 09:05:57.767,6916.908240000001,6918.29176,1.3835199999994074
2026-01-09 09:05:57.768,6916.908240000001,6918.29176,1.3835199999994074
2026-01-09 09:05:57.769,6916.908240000001,6918.29176,1.3835199999994074
2026-01-09 09:05:57.770,6916.908240000001,6918.29176,1.3835199999994074
2026-01-09 09:06:00.928,6916.608270000001,6917.99173,1.3834599999991042
2026-01-09 09:06:00.930,6916.608270000001,6917.99173,1.3834599999991042
2026-01-09 09:06:00.931,6916.608270000001,6917.99173,1.3834599999991042
2026-01-09 09:06:00.932,6916.608270000001,6917.99173,1.3834599999991042
2026-01-09 09:06:00.933,6916.608270000001,6917.99173,1.3834599999991042
2026-01-09 09:06:01.614,6916.708259999999,6918.09174,1.383480000000418
2026-01-09 09:06:01.615,6916.708259999999,6918.09174,1.383480000000418
2026-01-09 09:06:01.616,6916.708259999999,6918.09174,1.383480000000418
2026-01-09 09:06:01.617,6916.708259999999,6918.09174,1.383480000000418
2026-01-09 09:06:02.114,6916.908240000001,6918.29176,1.3835199999994074
2026-01-09 09:06:02.115,6916.908240000001,6918.29176,1.3835199999994074
2026-01-09 09:06:02.116,6916.908240000001,6918.29176,1.3835199999994074
2026-01-09 09:06:02.117,6916.908240000001,6918.29176,1.3835199999994074
2026-01-09 09:06:04.515,6916.608270000001,6917.99173,1.3834599999991042
2026-01-09 09:06:04.516,6916.608270000001,6917.99173,1.3834599999991042
2026-01-09 09:06:04.517,6916.608270000001,6917.99173,1.3834599999991042
2026-01-09 09:06:04.518,6916.608270000001,6917.99173,1.3834599999991042
2026-01-09 09:06:04.519,6916.608270000001,6917.99173,1.3834599999991042
2026-01-09 09:06:06.667,6916.50828,6917.89172,1.3834399999996094
2026-01-09 09:06:06.668,6916.50828,6917.89172,1.3834399999996094
2026-01-09 09:06:06.669,6916.50828,6917.89172,1.3834399999996094
2026-01-09 09:06:06.670,6916.50828,6917.89172,1.3834399999996094
2026-01-09 09:06:06.671,6916.50828,6917.89172,1.3834399999996094
2026-01-09 09:06:07.353,6916.608270000001,6917.99173,1.3834599999991042
2026-01-09 09:06:07.354,6916.608270000001,6917.99173,1.3834599999991042
2026-01-09 09:06:07.355,6916.608270000001,6917.99173,1.3834599999991042
2026-01-09 09:06:07.356,6916.608270000001,6917.99173,1.3834599999991042
2026-01-09 09:06:07.357,6916.608270000001,6917.99173,1.3834599999991042
2026-01-09 09:06:07.358,6916.608270000001,6917.99173,1.3834599999991042
2026-01-09 09:06:07.359,6916.608270000001,6917.99173,1.3834599999991042
2026-01-09 09:06:10.968,6916.708259999999,6918.09174,1.383480000000418
2026-01-09 09:06:10.969,6916.708259999999,6918.09174,1.383480000000418
2026-01-09 09:06:10.970,6916.708259999999,6918.09174,1.383480000000418
2026-01-09 09:06:10.971,6916.708259999999,6918.09174,1.383480000000418
2026-01-09 09:06:12.210,6916.608270000001,6917.99173,1.3834599999991042
2026-01-09 09:06:12.211,6916.608270000001,6917.99173,1.3834599999991042
2026-01-09 09:06:12.212,6916.608270000001,6917.99173,1.3834599999991042
2026-01-09 09:06:12.213,6916.608270000001,6917.99173,1.3834599999991042
2026-01-09 09:06:12.214,6916.608270000001,6917.99173,1.3834599999991042
2026-01-09 09:06:16.507,6916.50828,6917.89172,1.3834399999996094
2026-01-09 09:06:16.508,6916.50828,6917.89172,1.3834399999996094
2026-01-09 09:06:16.509,6916.50828,6917.89172,1.3834399999996094
2026-01-09 09:06:16.510,6916.50828,6917.89172,1.3834399999996094
2026-01-09 09:06:16.511,6916.50828,6917.89172,1.3834399999996094
2026-01-09 09:06:17.128,6916.40829,6917.79171,1.3834200000001147
2026-01-09 09:06:17.130,6916.40829,6917.79171,1.3834200000001147
2026-01-09 09:06:17.131,6916.40829,6917.79171,1.3834200000001147
2026-01-09 09:06:17.132,6916.40829,6917.79171,1.3834200000001147
2026-01-09 09:06:17.133,6916.40829,6917.79171,1.3834200000001147
2026-01-09 09:06:17.134,6916.40829,6917.79171,1.3834200000001147
2026-01-09 09:06:17.631,6916.608270000001,6917.99173,1.3834599999991042
2026-01-09 09:06:17.632,6916.608270000001,6917.99173,1.3834599999991042
2026-01-09 09:06:17.633,6916.608270000001,6917.99173,1.3834599999991042
2026-01-09 09:06:17.634,6916.608270000001,6917.99173,1.3834599999991042
2026-01-09 09:06:17.635,6916.608270000001,6917.99173,1.3834599999991042
2026-01-09 09:06:18.326,6916.50828,6917.89172,1.3834399999996094
2026-01-09 09:06:18.327,6916.50828,6917.89172,1.3834399999996094
2026-01-09 09:06:18.328,6916.50828,6917.89172,1.3834399999996094
2026-01-09 09:06:18.329,6916.50828,6917.89172,1.3834399999996094
2026-01-09 09:06:18.331,6916.50828,6917.89172,1.3834399999996094
2026-01-09 09:06:18.737,6916.608270000001,6917.99173,1.3834599999991042
2026-01-09 09:06:18.738,6916.608270000001,6917.99173,1.3834599999991042
2026-01-09 09:06:18.739,6916.608270000001,6917.99173,1.3834599999991042
2026-01-09 09:06:18.740,6916.608270000001,6917.99173,1.3834599999991042
2026-01-09 09:06:18.741,6916.608270000001,6917.99173,1.3834599999991042
2026-01-09 09:06:21.049,6916.40829,6917.79171,1.3834200000001147
2026-01-09 09:06:21.050,6916.40829,6917.79171,1.3834200000001147
2026-01-09 09:06:21.051,6916.40829,6917.79171,1.3834200000001147
2026-01-09 09:06:21.052,6916.40829,6917.79171,1.3834200000001147
2026-01-09 09:06:21.975,6916.20831,6917.591689999999,1.3833799999993062
2026-01-09 09:06:21.977,6916.20831,6917.591689999999,1.3833799999993062
2026-01-09 09:06:21.978,6916.20831,6917.591689999999,1.3833799999993062
2026-01-09 09:06:21.979,6916.20831,6917.591689999999,1.3833799999993062
2026-01-09 09:06:21.980,6916.20831,6917.591689999999,1.3833799999993062
2026-01-09 09:06:26.792,6916.40829,6917.79171,1.3834200000001147
2026-01-09 09:06:26.793,6916.40829,6917.79171,1.3834200000001147
2026-01-09 09:06:26.794,6916.40829,6917.79171,1.3834200000001147
2026-01-09 09:06:26.796,6916.40829,6917.79171,1.3834200000001147
2026-01-09 09:06:26.797,6916.40829,6917.79171,1.3834200000001147
2026-01-09 09:06:26.798,6916.40829,6917.79171,1.3834200000001147
2026-01-09 09:06:30.849,6916.10832,6917.49168,1.3833599999998114
2026-01-09 09:06:30.850,6916.10832,6917.49168,1.3833599999998114
2026-01-09 09:06:30.851,6916.10832,6917.49168,1.3833599999998114
2026-01-09 09:06:30.852,6916.10832,6917.49168,1.3833599999998114
2026-01-09 09:06:31.351,6916.40829,6917.79171,1.3834200000001147
2026-01-09 09:06:31.352,6916.40829,6917.79171,1.3834200000001147
2026-01-09 09:06:31.353,6916.40829,6917.79171,1.3834200000001147
2026-01-09 09:06:31.354,6916.40829,6917.79171,1.3834200000001147
2026-01-09 09:06:32.224,6916.20831,6917.591689999999,1.3833799999993062
2026-01-09 09:06:32.225,6916.20831,6917.591689999999,1.3833799999993062
2026-01-09 09:06:32.226,6916.20831,6917.591689999999,1.3833799999993062
2026-01-09 09:06:32.227,6916.20831,6917.591689999999,1.3833799999993062
2026-01-09 09:06:34.045,6916.40829,6917.79171,1.3834200000001147
2026-01-09 09:06:34.046,6916.40829,6917.79171,1.3834200000001147
2026-01-09 09:06:34.047,6916.40829,6917.79171,1.3834200000001147
2026-01-09 09:06:34.048,6916.40829,6917.79171,1.3834200000001147
2026-01-09 09:06:34.049,6916.40829,6917.79171,1.3834200000001147
2026-01-09 09:06:34.050,6916.40829,6917.79171,1.3834200000001147
2026-01-09 09:06:35.049,6916.10832,6917.49168,1.3833599999998114
2026-01-09 09:06:35.050,6916.10832,6917.49168,1.3833599999998114
2026-01-09 09:06:35.051,6916.10832,6917.49168,1.3833599999998114
2026-01-09 09:06:35.052,6916.10832,6917.49168,1.3833599999998114
2026-01-09 09:06:35.492,6916.20831,6917.591689999999,1.3833799999993062
2026-01-09 09:06:35.493,6916.20831,6917.591689999999,1.3833799999993062
2026-01-09 09:06:35.494,6916.20831,6917.591689999999,1.3833799999993062
2026-01-09 09:06:35.495,6916.20831,6917.591689999999,1.3833799999993062
2026-01-09 09:06:36.630,6916.40829,6917.79171,1.3834200000001147
2026-01-09 09:06:36.631,6916.40829,6917.79171,1.3834200000001147
2026-01-09 09:06:36.632,6916.40829,6917.79171,1.3834200000001147
2026-01-09 09:06:36.633,6916.40829,6917.79171,1.3834200000001147
2026-01-09 09:06:36.634,6916.40829,6917.79171,1.3834200000001147
2026-01-09 09:06:41.135,6916.10832,6917.49168,1.3833599999998114
2026-01-09 09:06:41.136,6916.10832,6917.49168,1.3833599999998114
2026-01-09 09:06:41.138,6916.10832,6917.49168,1.3833599999998114
2026-01-09 09:06:41.139,6916.10832,6917.49168,1.3833599999998114
2026-01-09 09:06:41.140,6916.10832,6917.49168,1.3833599999998114
2026-01-09 09:06:41.141,6916.10832,6917.49168,1.3833599999998114
2026-01-09 09:06:43.071,6915.908340000001,6917.29166,1.383319999999003
2026-01-09 09:06:43.072,6915.908340000001,6917.29166,1.383319999999003
2026-01-09 09:06:43.073,6915.908340000001,6917.29166,1.383319999999003
2026-01-09 09:06:43.074,6915.908340000001,6917.29166,1.383319999999003
2026-01-09 09:06:43.075,6915.908340000001,6917.29166,1.383319999999003
2026-01-09 09:06:43.076,6915.908340000001,6917.29166,1.383319999999003
2026-01-09 09:06:43.077,6915.908340000001,6917.29166,1.383319999999003
2026-01-09 09:06:53.474,6916.10832,6917.49168,1.3833599999998114
2026-01-09 09:06:53.476,6916.10832,6917.49168,1.3833599999998114
2026-01-09 09:06:53.477,6916.10832,6917.49168,1.3833599999998114
2026-01-09 09:06:53.478,6916.10832,6917.49168,1.3833599999998114
2026-01-09 09:06:53.479,6916.10832,6917.49168,1.3833599999998114
2026-01-09 09:06:53.480,6916.10832,6917.49168,1.3833599999998114
2026-01-09 09:06:54.462,6915.908340000001,6917.29166,1.383319999999003
2026-01-09 09:06:54.463,6915.908340000001,6917.29166,1.383319999999003
2026-01-09 09:06:54.464,6915.908340000001,6917.29166,1.383319999999003
2026-01-09 09:06:54.466,6915.908340000001,6917.29166,1.383319999999003
2026-01-09 09:06:54.467,6915.908340000001,6917.29166,1.383319999999003
2026-01-09 09:06:54.468,6915.908340000001,6917.29166,1.383319999999003
2026-01-09 09:06:59.251,6916.00833,6917.39167,1.3833400000003166
2026-01-09 09:06:59.252,6916.00833,6917.39167,1.3833400000003166
2026-01-09 09:06:59.253,6916.00833,6917.39167,1.3833400000003166
2026-01-09 09:06:59.254,6916.00833,6917.39167,1.3833400000003166
2026-01-09 09:06:59.255,6916.00833,6917.39167,1.3833400000003166
2026-01-09 09:06:59.256,6916.00833,6917.39167,1.3833400000003166
2026-01-09 09:06:59.698,6916.10832,6917.49168,1.3833599999998114
2026-01-09 09:06:59.700,6916.10832,6917.49168,1.3833599999998114
2026-01-09 09:06:59.702,6916.10832,6917.49168,1.3833599999998114
2026-01-09 09:06:59.703,6916.10832,6917.49168,1.3833599999998114
2026-01-09 09:06:59.704,6916.10832,6917.49168,1.3833599999998114
2026-01-09 09:06:59.705,6916.10832,6917.49168,1.3833599999998114
2026-01-09 09:07:01.579,6915.908340000001,6917.29166,1.383319999999003
2026-01-09 09:07:01.582,6915.908340000001,6917.29166,1.383319999999003
2026-01-09 09:07:01.583,6915.908340000001,6917.29166,1.383319999999003
2026-01-09 09:07:01.584,6915.908340000001,6917.29166,1.383319999999003
2026-01-09 09:07:01.585,6915.908340000001,6917.29166,1.383319999999003
2026-01-09 09:07:01.586,6915.908340000001,6917.29166,1.383319999999003
2026-01-09 09:07:02.700,6916.10832,6917.49168,1.3833599999998114
2026-01-09 09:07:02.701,6916.10832,6917.49168,1.3833599999998114
2026-01-09 09:07:02.702,6916.10832,6917.49168,1.3833599999998114
2026-01-09 09:07:02.703,6916.10832,6917.49168,1.3833599999998114
2026-01-09 09:07:02.704,6916.10832,6917.49168,1.3833599999998114
2026-01-09 09:07:02.705,6916.10832,6917.49168,1.3833599999998114
2026-01-09 09:07:04.598,6916.40829,6917.79171,1.3834200000001147
2026-01-09 09:07:04.599,6916.40829,6917.79171,1.3834200000001147
2026-01-09 09:07:04.600,6916.40829,6917.79171,1.3834200000001147
2026-01-09 09:07:04.601,6916.40829,6917.79171,1.3834200000001147
2026-01-09 09:07:05.006,6916.10832,6917.49168,1.3833599999998114
2026-01-09 09:07:05.007,6916.10832,6917.49168,1.3833599999998114
2026-01-09 09:07:05.008,6916.10832,6917.49168,1.3833599999998114
2026-01-09 09:07:05.009,6916.10832,6917.49168,1.3833599999998114
2026-01-09 09:07:05.010,6916.10832,6917.49168,1.3833599999998114
2026-01-09 09:07:12.396,6916.40829,6917.79171,1.3834200000001147
2026-01-09 09:07:12.398,6916.40829,6917.79171,1.3834200000001147
2026-01-09 09:07:12.399,6916.40829,6917.79171,1.3834200000001147
2026-01-09 09:07:12.400,6916.40829,6917.79171,1.3834200000001147
2026-01-09 09:07:12.401,6916.40829,6917.79171,1.3834200000001147
2026-01-09 09:07:12.822,6916.10832,6917.49168,1.3833599999998114
2026-01-09 09:07:12.823,6916.10832,6917.49168,1.3833599999998114
2026-01-09 09:07:12.824,6916.10832,6917.49168,1.3833599999998114
2026-01-09 09:07:12.825,6916.10832,6917.49168,1.3833599999998114
2026-01-09 09:07:12.826,6916.10832,6917.49168,1.3833599999998114
2026-01-09 09:07:13.238,6916.20831,6917.591689999999,1.3833799999993062
2026-01-09 09:07:13.241,6916.20831,6917.591689999999,1.3833799999993062
2026-01-09 09:07:13.242,6916.20831,6917.591689999999,1.3833799999993062
2026-01-09 09:07:13.243,6916.20831,6917.591689999999,1.3833799999993062
2026-01-09 09:07:13.244,6916.20831,6917.591689999999,1.3833799999993062
2026-01-09 09:07:13.245,6916.20831,6917.591689999999,1.3833799999993062
2026-01-09 09:07:13.882,6916.40829,6917.79171,1.3834200000001147
2026-01-09 09:07:13.883,6916.40829,6917.79171,1.3834200000001147
2026-01-09 09:07:13.884,6916.40829,6917.79171,1.3834200000001147
2026-01-09 09:07:13.885,6916.40829,6917.79171,1.3834200000001147
2026-01-09 09:07:13.886,6916.40829,6917.79171,1.3834200000001147
2026-01-09 09:07:13.887,6916.40829,6917.79171,1.3834200000001147
2026-01-09 09:07:16.118,6916.10832,6917.49168,1.3833599999998114
2026-01-09 09:07:16.119,6916.10832,6917.49168,1.3833599999998114
2026-01-09 09:07:16.120,6916.10832,6917.49168,1.3833599999998114
2026-01-09 09:07:16.121,6916.10832,6917.49168,1.3833599999998114
2026-01-09 09:07:16.122,6916.10832,6917.49168,1.3833599999998114
2026-01-09 09:07:16.123,6916.10832,6917.49168,1.3833599999998114
2026-01-09 09:07:16.124,6916.10832,6917.49168,1.3833599999998114
2026-01-09 09:07:16.672,6916.40829,6917.79171,1.3834200000001147
2026-01-09 09:07:16.673,6916.40829,6917.79171,1.3834200000001147
2026-01-09 09:07:16.674,6916.40829,6917.79171,1.3834200000001147
2026-01-09 09:07:16.675,6916.40829,6917.79171,1.3834200000001147
2026-01-09 09:07:16.676,6916.40829,6917.79171,1.3834200000001147
2026-01-09 09:07:24.116,6916.608270000001,6917.99173,1.3834599999991042
2026-01-09 09:07:24.117,6916.608270000001,6917.99173,1.3834599999991042
2026-01-09 09:07:24.118,6916.608270000001,6917.99173,1.3834599999991042
2026-01-09 09:07:24.119,6916.608270000001,6917.99173,1.3834599999991042
2026-01-09 09:07:24.120,6916.608270000001,6917.99173,1.3834599999991042
2026-01-09 09:07:26.407,6916.40829,6917.79171,1.3834200000001147
2026-01-09 09:07:26.411,6916.40829,6917.79171,1.3834200000001147
2026-01-09 09:07:26.412,6916.40829,6917.79171,1.3834200000001147
2026-01-09 09:07:26.413,6916.40829,6917.79171,1.3834200000001147
2026-01-09 09:07:26.415,6916.40829,6917.79171,1.3834200000001147
2026-01-09 09:07:26.440,6916.40829,6917.79171,1.3834200000001147
2026-01-09 09:07:26.441,6916.40829,6917.79171,1.3834200000001147
2026-01-09 09:07:27.176,6916.608270000001,6917.99173,1.3834599999991042
2026-01-09 09:07:27.178,6916.608270000001,6917.99173,1.3834599999991042
2026-01-09 09:07:27.179,6916.608270000001,6917.99173,1.3834599999991042
2026-01-09 09:07:27.180,6916.608270000001,6917.99173,1.3834599999991042
2026-01-09 09:07:27.181,6916.608270000001,6917.99173,1.3834599999991042
2026-01-09 09:07:27.182,6916.608270000001,6917.99173,1.3834599999991042
2026-01-09 09:07:27.183,6916.608270000001,6917.99173,1.3834599999991042
2026-01-09 09:07:32.077,6916.40829,6917.79171,1.3834200000001147
2026-01-09 09:07:32.079,6916.40829,6917.79171,1.3834200000001147
2026-01-09 09:07:32.080,6916.40829,6917.79171,1.3834200000001147
2026-01-09 09:07:32.081,6916.40829,6917.79171,1.3834200000001147
2026-01-09 09:07:32.082,6916.40829,6917.79171,1.3834200000001147
2026-01-09 09:07:33.288,6916.50828,6917.89172,1.3834399999996094
2026-01-09 09:07:33.290,6916.50828,6917.89172,1.3834399999996094
2026-01-09 09:07:33.291,6916.50828,6917.89172,1.3834399999996094
2026-01-09 09:07:33.292,6916.50828,6917.89172,1.3834399999996094
2026-01-09 09:07:33.293,6916.50828,6917.89172,1.3834399999996094
2026-01-09 09:07:35.726,6916.608270000001,6917.99173,1.3834599999991042
2026-01-09 09:07:35.727,6916.608270000001,6917.99173,1.3834599999991042
2026-01-09 09:07:35.728,6916.608270000001,6917.99173,1.3834599999991042
2026-01-09 09:07:35.729,6916.608270000001,6917.99173,1.3834599999991042
2026-01-09 09:07:37.020,6916.50828,6917.89172,1.3834399999996094
2026-01-09 09:07:37.022,6916.50828,6917.89172,1.3834399999996094
2026-01-09 09:07:37.023,6916.50828,6917.89172,1.3834399999996094
2026-01-09 09:07:37.024,6916.50828,6917.89172,1.3834399999996094
2026-01-09 09:07:37.025,6916.50828,6917.89172,1.3834399999996094
2026-01-09 09:07:37.639,6916.608270000001,6917.99173,1.3834599999991042
2026-01-09 09:07:37.640,6916.608270000001,6917.99173,1.3834599999991042
2026-01-09 09:07:37.641,6916.608270000001,6917.99173,1.3834599999991042
2026-01-09 09:07:37.642,6916.608270000001,6917.99173,1.3834599999991042
2026-01-09 09:07:37.643,6916.608270000001,6917.99173,1.3834599999991042
2026-01-09 09:07:39.124,6916.50828,6917.89172,1.3834399999996094
2026-01-09 09:07:39.125,6916.50828,6917.89172,1.3834399999996094
2026-01-09 09:07:39.126,6916.50828,6917.89172,1.3834399999996094
2026-01-09 09:07:39.127,6916.50828,6917.89172,1.3834399999996094
2026-01-09 09:07:40.941,6916.608270000001,6917.99173,1.3834599999991042
2026-01-09 09:07:40.942,6916.608270000001,6917.99173,1.3834599999991042
2026-01-09 09:07:40.943,6916.608270000001,6917.99173,1.3834599999991042
2026-01-09 09:07:40.944,6916.608270000001,6917.99173,1.3834599999991042
2026-01-09 09:07:43.121,6916.40829,6917.79171,1.3834200000001147
2026-01-09 09:07:43.122,6916.40829,6917.79171,1.3834200000001147
2026-01-09 09:07:43.124,6916.40829,6917.79171,1.3834200000001147
2026-01-09 09:07:43.125,6916.40829,6917.79171,1.3834200000001147
2026-01-09 09:07:43.126,6916.40829,6917.79171,1.3834200000001147
2026-01-09 09:07:43.127,6916.40829,6917.79171,1.3834200000001147
2026-01-09 09:07:43.128,6916.40829,6917.79171,1.3834200000001147
2026-01-09 09:07:44.291,6916.608270000001,6917.99173,1.3834599999991042
2026-01-09 09:07:44.293,6916.608270000001,6917.99173,1.3834599999991042
2026-01-09 09:07:44.296,6916.608270000001,6917.99173,1.3834599999991042
2026-01-09 09:07:44.298,6916.608270000001,6917.99173,1.3834599999991042
2026-01-09 09:07:44.299,6916.608270000001,6917.99173,1.3834599999991042
2026-01-09 09:07:44.301,6916.608270000001,6917.99173,1.3834599999991042
2026-01-09 09:07:48.959,6916.40829,6917.79171,1.3834200000001147
2026-01-09 09:07:48.960,6916.40829,6917.79171,1.3834200000001147
2026-01-09 09:07:48.961,6916.40829,6917.79171,1.3834200000001147
2026-01-09 09:07:48.962,6916.40829,6917.79171,1.3834200000001147
2026-01-09 09:07:53.442,6916.608270000001,6917.99173,1.3834599999991042
2026-01-09 09:07:53.443,6916.608270000001,6917.99173,1.3834599999991042
2026-01-09 09:07:53.444,6916.608270000001,6917.99173,1.3834599999991042
2026-01-09 09:07:53.445,6916.608270000001,6917.99173,1.3834599999991042
2026-01-09 09:07:53.446,6916.608270000001,6917.99173,1.3834599999991042
2026-01-09 09:07:59.110,6916.40829,6917.79171,1.3834200000001147
2026-01-09 09:07:59.111,6916.40829,6917.79171,1.3834200000001147
2026-01-09 09:07:59.112,6916.40829,6917.79171,1.3834200000001147
2026-01-09 09:07:59.113,6916.40829,6917.79171,1.3834200000001147
2026-01-09 09:07:59.114,6916.40829,6917.79171,1.3834200000001147
2026-01-09 09:08:02.307,6916.20831,6917.591689999999,1.3833799999993062
2026-01-09 09:08:02.309,6916.20831,6917.591689999999,1.3833799999993062
2026-01-09 09:08:02.310,6916.20831,6917.591689999999,1.3833799999993062
2026-01-09 09:08:02.311,6916.20831,6917.591689999999,1.3833799999993062
2026-01-09 09:08:02.312,6916.20831,6917.591689999999,1.3833799999993062
2026-01-09 09:08:02.313,6916.20831,6917.591689999999,1.3833799999993062
2026-01-09 09:08:02.314,6916.20831,6917.591689999999,1.3833799999993062
2026-01-09 09:08:02.735,6916.10832,6917.49168,1.3833599999998114
2026-01-09 09:08:02.736,6916.10832,6917.49168,1.3833599999998114
2026-01-09 09:08:02.737,6916.10832,6917.49168,1.3833599999998114
2026-01-09 09:08:02.738,6916.10832,6917.49168,1.3833599999998114
2026-01-09 09:08:02.739,6916.10832,6917.49168,1.3833599999998114
2026-01-09 09:08:02.740,6916.10832,6917.49168,1.3833599999998114
2026-01-09 09:08:02.741,6916.10832,6917.49168,1.3833599999998114
2026-01-09 09:08:04.767,6916.20831,6917.591689999999,1.3833799999993062
2026-01-09 09:08:04.769,6916.20831,6917.591689999999,1.3833799999993062
2026-01-09 09:08:04.770,6916.20831,6917.591689999999,1.3833799999993062
2026-01-09 09:08:04.771,6916.20831,6917.591689999999,1.3833799999993062
2026-01-09 09:08:04.772,6916.20831,6917.591689999999,1.3833799999993062
2026-01-09 09:08:05.782,6916.40829,6917.79171,1.3834200000001147
2026-01-09 09:08:05.785,6916.40829,6917.79171,1.3834200000001147
2026-01-09 09:08:05.786,6916.40829,6917.79171,1.3834200000001147
2026-01-09 09:08:05.787,6916.40829,6917.79171,1.3834200000001147
2026-01-09 09:08:05.788,6916.40829,6917.79171,1.3834200000001147
2026-01-09 09:08:05.789,6916.40829,6917.79171,1.3834200000001147
2026-01-09 09:08:06.687,6916.20831,6917.591689999999,1.3833799999993062
2026-01-09 09:08:06.688,6916.20831,6917.591689999999,1.3833799999993062
2026-01-09 09:08:06.689,6916.20831,6917.591689999999,1.3833799999993062
2026-01-09 09:08:06.690,6916.20831,6917.591689999999,1.3833799999993062
2026-01-09 09:08:06.691,6916.20831,6917.591689999999,1.3833799999993062
2026-01-09 09:08:06.692,6916.20831,6917.591689999999,1.3833799999993062
2026-01-09 09:08:08.510,6916.10832,6917.49168,1.3833599999998114
2026-01-09 09:08:08.512,6916.10832,6917.49168,1.3833599999998114
2026-01-09 09:08:08.513,6916.10832,6917.49168,1.3833599999998114
2026-01-09 09:08:08.514,6916.10832,6917.49168,1.3833599999998114
2026-01-09 09:08:08.515,6916.10832,6917.49168,1.3833599999998114
2026-01-09 09:08:08.516,6916.10832,6917.49168,1.3833599999998114
2026-01-09 09:08:13.310,6915.908340000001,6917.29166,1.383319999999003
2026-01-09 09:08:13.311,6915.908340000001,6917.29166,1.383319999999003
2026-01-09 09:08:13.312,6915.908340000001,6917.29166,1.383319999999003
2026-01-09 09:08:13.314,6915.908340000001,6917.29166,1.383319999999003
2026-01-09 09:08:14.814,6915.60837,6916.99163,1.3832600000005186
2026-01-09 09:08:14.815,6915.60837,6916.99163,1.3832600000005186
2026-01-09 09:08:14.816,6915.60837,6916.99163,1.3832600000005186
2026-01-09 09:08:14.818,6915.60837,6916.99163,1.3832600000005186
2026-01-09 09:08:14.819,6915.60837,6916.99163,1.3832600000005186
2026-01-09 09:08:19.795,6915.908340000001,6917.29166,1.383319999999003
2026-01-09 09:08:19.796,6915.908340000001,6917.29166,1.383319999999003
2026-01-09 09:08:19.797,6915.908340000001,6917.29166,1.383319999999003
2026-01-09 09:08:19.798,6915.908340000001,6917.29166,1.383319999999003
2026-01-09 09:08:21.067,6916.10832,6917.49168,1.3833599999998114
2026-01-09 09:08:21.069,6916.10832,6917.49168,1.3833599999998114
2026-01-09 09:08:21.070,6916.10832,6917.49168,1.3833599999998114
2026-01-09 09:08:21.071,6916.10832,6917.49168,1.3833599999998114
2026-01-09 09:08:21.072,6916.10832,6917.49168,1.3833599999998114
2026-01-09 09:08:24.054,6915.908340000001,6917.29166,1.383319999999003
2026-01-09 09:08:24.055,6915.908340000001,6917.29166,1.383319999999003
2026-01-09 09:08:24.056,6915.908340000001,6917.29166,1.383319999999003
2026-01-09 09:08:24.057,6915.908340000001,6917.29166,1.383319999999003
2026-01-09 09:08:24.058,6915.908340000001,6917.29166,1.383319999999003
2026-01-09 09:08:24.631,6916.00833,6917.39167,1.3833400000003166
2026-01-09 09:08:24.632,6916.00833,6917.39167,1.3833400000003166
2026-01-09 09:08:24.634,6916.00833,6917.39167,1.3833400000003166
2026-01-09 09:08:24.635,6916.00833,6917.39167,1.3833400000003166
2026-01-09 09:08:24.638,6916.00833,6917.39167,1.3833400000003166
2026-01-09 09:08:26.136,6916.10832,6917.49168,1.3833599999998114
2026-01-09 09:08:26.137,6916.10832,6917.49168,1.3833599999998114
2026-01-09 09:08:26.138,6916.10832,6917.49168,1.3833599999998114
2026-01-09 09:08:26.139,6916.10832,6917.49168,1.3833599999998114
2026-01-09 09:08:29.132,6915.908340000001,6917.29166,1.383319999999003
2026-01-09 09:08:29.134,6915.908340000001,6917.29166,1.383319999999003
2026-01-09 09:08:29.135,6915.908340000001,6917.29166,1.383319999999003
2026-01-09 09:08:29.136,6915.908340000001,6917.29166,1.383319999999003
2026-01-09 09:08:29.137,6915.908340000001,6917.29166,1.383319999999003
2026-01-09 09:08:29.138,6915.908340000001,6917.29166,1.383319999999003
2026-01-09 09:08:31.705,6915.80835,6917.19165,1.3832999999995081
2026-01-09 09:08:31.707,6915.80835,6917.19165,1.3832999999995081
2026-01-09 09:08:31.708,6915.80835,6917.19165,1.3832999999995081
2026-01-09 09:08:31.709,6915.80835,6917.19165,1.3832999999995081
2026-01-09 09:08:31.710,6915.80835,6917.19165,1.3832999999995081
2026-01-09 09:08:31.711,6915.80835,6917.19165,1.3832999999995081
2026-01-09 09:08:32.644,6915.60837,6916.99163,1.3832600000005186
2026-01-09 09:08:32.645,6915.60837,6916.99163,1.3832600000005186
2026-01-09 09:08:32.646,6915.60837,6916.99163,1.3832600000005186
2026-01-09 09:08:32.647,6915.60837,6916.99163,1.3832600000005186
2026-01-09 09:08:32.648,6915.60837,6916.99163,1.3832600000005186
2026-01-09 09:08:32.649,6915.60837,6916.99163,1.3832600000005186
2026-01-09 09:08:35.008,6915.70836,6917.09164,1.3832800000000134
2026-01-09 09:08:35.009,6915.70836,6917.09164,1.3832800000000134
2026-01-09 09:08:35.010,6915.70836,6917.09164,1.3832800000000134
2026-01-09 09:08:35.011,6915.70836,6917.09164,1.3832800000000134
2026-01-09 09:08:35.012,6915.70836,6917.09164,1.3832800000000134
2026-01-09 09:08:35.411,6915.60837,6916.99163,1.3832600000005186
2026-01-09 09:08:35.412,6915.60837,6916.99163,1.3832600000005186
2026-01-09 09:08:35.413,6915.60837,6916.99163,1.3832600000005186
2026-01-09 09:08:35.414,6915.60837,6916.99163,1.3832600000005186
2026-01-09 09:08:35.415,6915.60837,6916.99163,1.3832600000005186
2026-01-09 09:08:37.360,6915.908340000001,6917.29166,1.383319999999003
2026-01-09 09:08:37.361,6915.908340000001,6917.29166,1.383319999999003
2026-01-09 09:08:37.362,6915.908340000001,6917.29166,1.383319999999003
2026-01-09 09:08:37.363,6915.908340000001,6917.29166,1.383319999999003
2026-01-09 09:08:37.364,6915.908340000001,6917.29166,1.383319999999003
2026-01-09 09:08:42.830,6916.10832,6917.49168,1.3833599999998114
2026-01-09 09:08:42.832,6916.10832,6917.49168,1.3833599999998114
2026-01-09 09:08:42.833,6916.10832,6917.49168,1.3833599999998114
2026-01-09 09:08:42.834,6916.10832,6917.49168,1.3833599999998114
2026-01-09 09:08:42.835,6916.10832,6917.49168,1.3833599999998114
2026-01-09 09:08:42.836,6916.10832,6917.49168,1.3833599999998114
2026-01-09 09:08:43.762,6915.908340000001,6917.29166,1.383319999999003
2026-01-09 09:08:43.763,6915.908340000001,6917.29166,1.383319999999003
2026-01-09 09:08:43.765,6915.908340000001,6917.29166,1.383319999999003
2026-01-09 09:08:43.766,6915.908340000001,6917.29166,1.383319999999003
2026-01-09 09:08:43.767,6915.908340000001,6917.29166,1.383319999999003
2026-01-09 09:08:43.768,6915.908340000001,6917.29166,1.383319999999003
2026-01-09 09:08:44.775,6916.00833,6917.39167,1.3833400000003166
2026-01-09 09:08:44.776,6916.00833,6917.39167,1.3833400000003166
2026-01-09 09:08:44.777,6916.00833,6917.39167,1.3833400000003166
2026-01-09 09:08:44.778,6916.00833,6917.39167,1.3833400000003166
2026-01-09 09:08:44.779,6916.00833,6917.39167,1.3833400000003166
2026-01-09 09:08:45.884,6916.10832,6917.49168,1.3833599999998114
2026-01-09 09:08:45.885,6916.10832,6917.49168,1.3833599999998114
2026-01-09 09:08:45.886,6916.10832,6917.49168,1.3833599999998114
2026-01-09 09:08:45.887,6916.10832,6917.49168,1.3833599999998114
2026-01-09 09:08:51.670,6916.00833,6917.39167,1.3833400000003166
2026-01-09 09:08:51.671,6916.00833,6917.39167,1.3833400000003166
2026-01-09 09:08:51.672,6916.00833,6917.39167,1.3833400000003166
2026-01-09 09:08:51.673,6916.00833,6917.39167,1.3833400000003166
2026-01-09 09:08:51.674,6916.00833,6917.39167,1.3833400000003166
2026-01-09 09:08:52.189,6916.10832,6917.49168,1.3833599999998114
2026-01-09 09:08:52.190,6916.10832,6917.49168,1.3833599999998114
2026-01-09 09:08:52.191,6916.10832,6917.49168,1.3833599999998114
2026-01-09 09:08:52.192,6916.10832,6917.49168,1.3833599999998114
2026-01-09 09:09:00.597,6916.40829,6917.79171,1.3834200000001147
2026-01-09 09:09:00.610,6916.40829,6917.79171,1.3834200000001147
2026-01-09 09:09:00.611,6916.40829,6917.79171,1.3834200000001147
2026-01-09 09:09:00.613,6916.40829,6917.79171,1.3834200000001147
2026-01-09 09:09:00.614,6916.40829,6917.79171,1.3834200000001147
2026-01-09 09:09:00.615,6916.40829,6917.79171,1.3834200000001147
2026-01-09 09:09:00.620,6916.40829,6917.79171,1.3834200000001147
2026-01-09 09:09:04.576,6916.608270000001,6917.99173,1.3834599999991042
2026-01-09 09:09:04.577,6916.608270000001,6917.99173,1.3834599999991042
2026-01-09 09:09:04.578,6916.608270000001,6917.99173,1.3834599999991042
2026-01-09 09:09:04.579,6916.608270000001,6917.99173,1.3834599999991042
2026-01-09 09:09:04.580,6916.608270000001,6917.99173,1.3834599999991042
2026-01-09 09:09:05.107,6916.40829,6917.79171,1.3834200000001147
2026-01-09 09:09:05.109,6916.40829,6917.79171,1.3834200000001147
2026-01-09 09:09:05.110,6916.40829,6917.79171,1.3834200000001147
2026-01-09 09:09:05.112,6916.40829,6917.79171,1.3834200000001147
2026-01-09 09:09:05.113,6916.40829,6917.79171,1.3834200000001147
2026-01-09 09:09:05.114,6916.40829,6917.79171,1.3834200000001147
2026-01-09 09:09:05.880,6916.50828,6917.89172,1.3834399999996094
2026-01-09 09:09:05.881,6916.50828,6917.89172,1.3834399999996094
2026-01-09 09:09:05.882,6916.50828,6917.89172,1.3834399999996094
2026-01-09 09:09:05.883,6916.50828,6917.89172,1.3834399999996094
2026-01-09 09:09:05.885,6916.50828,6917.89172,1.3834399999996094
2026-01-09 09:09:05.886,6916.50828,6917.89172,1.3834399999996094
2026-01-09 09:09:07.235,6916.40829,6917.79171,1.3834200000001147
2026-01-09 09:09:07.236,6916.40829,6917.79171,1.3834200000001147
2026-01-09 09:09:07.237,6916.40829,6917.79171,1.3834200000001147
2026-01-09 09:09:07.238,6916.40829,6917.79171,1.3834200000001147
2026-01-09 09:09:07.239,6916.40829,6917.79171,1.3834200000001147
2026-01-09 09:09:07.240,6916.40829,6917.79171,1.3834200000001147
2026-01-09 09:09:10.668,6916.10832,6917.49168,1.3833599999998114
2026-01-09 09:09:10.669,6916.10832,6917.49168,1.3833599999998114
2026-01-09 09:09:10.670,6916.10832,6917.49168,1.3833599999998114
2026-01-09 09:09:10.671,6916.10832,6917.49168,1.3833599999998114
2026-01-09 09:09:10.672,6916.10832,6917.49168,1.3833599999998114
2026-01-09 09:09:11.824,6916.00833,6917.39167,1.3833400000003166
2026-01-09 09:09:11.826,6916.00833,6917.39167,1.3833400000003166
2026-01-09 09:09:11.827,6916.00833,6917.39167,1.3833400000003166
2026-01-09 09:09:11.828,6916.00833,6917.39167,1.3833400000003166
2026-01-09 09:09:11.829,6916.00833,6917.39167,1.3833400000003166
2026-01-09 09:09:11.830,6916.00833,6917.39167,1.3833400000003166
2026-01-09 09:09:11.831,6916.00833,6917.39167,1.3833400000003166
2026-01-09 09:09:12.330,6915.908340000001,6917.29166,1.383319999999003
2026-01-09 09:09:12.332,6915.908340000001,6917.29166,1.383319999999003
2026-01-09 09:09:12.333,6915.908340000001,6917.29166,1.383319999999003
2026-01-09 09:09:12.334,6915.908340000001,6917.29166,1.383319999999003
2026-01-09 09:09:12.335,6915.908340000001,6917.29166,1.383319999999003
2026-01-09 09:09:13.223,6916.00833,6917.39167,1.3833400000003166
2026-01-09 09:09:13.226,6916.00833,6917.39167,1.3833400000003166
2026-01-09 09:09:13.227,6916.00833,6917.39167,1.3833400000003166
2026-01-09 09:09:13.228,6916.00833,6917.39167,1.3833400000003166
2026-01-09 09:09:13.229,6916.00833,6917.39167,1.3833400000003166
2026-01-09 09:09:13.669,6915.908340000001,6917.29166,1.383319999999003
2026-01-09 09:09:13.670,6915.908340000001,6917.29166,1.383319999999003
2026-01-09 09:09:13.672,6915.908340000001,6917.29166,1.383319999999003
2026-01-09 09:09:13.673,6915.908340000001,6917.29166,1.383319999999003
2026-01-09 09:09:13.674,6915.908340000001,6917.29166,1.383319999999003
2026-01-09 09:09:15.102,6915.60837,6916.99163,1.3832600000005186
2026-01-09 09:09:15.104,6915.60837,6916.99163,1.3832600000005186
2026-01-09 09:09:15.105,6915.60837,6916.99163,1.3832600000005186
2026-01-09 09:09:15.106,6915.60837,6916.99163,1.3832600000005186
2026-01-09 09:09:15.107,6915.60837,6916.99163,1.3832600000005186
2026-01-09 09:09:20.652,6915.80835,6917.19165,1.3832999999995081
2026-01-09 09:09:20.654,6915.80835,6917.19165,1.3832999999995081
2026-01-09 09:09:20.655,6915.80835,6917.19165,1.3832999999995081
2026-01-09 09:09:20.656,6915.80835,6917.19165,1.3832999999995081
2026-01-09 09:09:20.657,6915.80835,6917.19165,1.3832999999995081
2026-01-09 09:09:21.344,6915.70836,6917.09164,1.3832800000000134
2026-01-09 09:09:21.345,6915.70836,6917.09164,1.3832800000000134
2026-01-09 09:09:21.346,6915.70836,6917.09164,1.3832800000000134
2026-01-09 09:09:21.347,6915.70836,6917.09164,1.3832800000000134
2026-01-09 09:09:21.348,6915.70836,6917.09164,1.3832800000000134
2026-01-09 09:09:23.093,6915.60837,6916.99163,1.3832600000005186
2026-01-09 09:09:23.094,6915.60837,6916.99163,1.3832600000005186
2026-01-09 09:09:23.095,6915.60837,6916.99163,1.3832600000005186
2026-01-09 09:09:23.096,6915.60837,6916.99163,1.3832600000005186
2026-01-09 09:09:23.097,6915.60837,6916.99163,1.3832600000005186
2026-01-09 09:09:23.098,6915.60837,6916.99163,1.3832600000005186
2026-01-09 09:09:24.195,6915.70836,6917.09164,1.3832800000000134
2026-01-09 09:09:24.196,6915.70836,6917.09164,1.3832800000000134
2026-01-09 09:09:24.197,6915.70836,6917.09164,1.3832800000000134
2026-01-09 09:09:24.199,6915.70836,6917.09164,1.3832800000000134
2026-01-09 09:09:24.201,6915.70836,6917.09164,1.3832800000000134
2026-01-09 09:09:26.413,6915.908340000001,6917.29166,1.383319999999003
2026-01-09 09:09:26.414,6915.908340000001,6917.29166,1.383319999999003
2026-01-09 09:09:26.415,6915.908340000001,6917.29166,1.383319999999003
2026-01-09 09:09:26.416,6915.908340000001,6917.29166,1.383319999999003
2026-01-09 09:09:26.417,6915.908340000001,6917.29166,1.383319999999003
2026-01-09 09:09:26.870,6915.70836,6917.09164,1.3832800000000134
2026-01-09 09:09:26.871,6915.70836,6917.09164,1.3832800000000134
2026-01-09 09:09:26.872,6915.70836,6917.09164,1.3832800000000134
2026-01-09 09:09:26.873,6915.70836,6917.09164,1.3832800000000134
2026-01-09 09:09:26.874,6915.70836,6917.09164,1.3832800000000134
2026-01-09 09:09:27.625,6915.908340000001,6917.29166,1.383319999999003
2026-01-09 09:09:27.626,6915.908340000001,6917.29166,1.383319999999003
2026-01-09 09:09:27.627,6915.908340000001,6917.29166,1.383319999999003
2026-01-09 09:09:27.628,6915.908340000001,6917.29166,1.383319999999003
2026-01-09 09:09:27.629,6915.908340000001,6917.29166,1.383319999999003
2026-01-09 09:09:27.630,6915.908340000001,6917.29166,1.383319999999003
2026-01-09 09:09:27.631,6915.908340000001,6917.29166,1.383319999999003
2026-01-09 09:09:30.849,6916.00833,6917.39167,1.3833400000003166
2026-01-09 09:09:30.850,6916.00833,6917.39167,1.3833400000003166
2026-01-09 09:09:30.851,6916.00833,6917.39167,1.3833400000003166
2026-01-09 09:09:30.852,6916.00833,6917.39167,1.3833400000003166
2026-01-09 09:09:30.853,6916.00833,6917.39167,1.3833400000003166
2026-01-09 09:09:31.292,6915.908340000001,6917.29166,1.383319999999003
2026-01-09 09:09:31.293,6915.908340000001,6917.29166,1.383319999999003
2026-01-09 09:09:31.294,6915.908340000001,6917.29166,1.383319999999003
2026-01-09 09:09:31.295,6915.908340000001,6917.29166,1.383319999999003
2026-01-09 09:09:31.296,6915.908340000001,6917.29166,1.383319999999003
2026-01-09 09:09:40.546,6915.70836,6917.09164,1.3832800000000134
2026-01-09 09:09:40.548,6915.70836,6917.09164,1.3832800000000134
2026-01-09 09:09:40.549,6915.70836,6917.09164,1.3832800000000134
2026-01-09 09:09:40.550,6915.70836,6917.09164,1.3832800000000134
2026-01-09 09:09:40.551,6915.70836,6917.09164,1.3832800000000134
2026-01-09 09:09:40.552,6915.70836,6917.09164,1.3832800000000134
2026-01-09 09:09:40.553,6915.70836,6917.09164,1.3832800000000134
2026-01-09 09:09:41.557,6915.908340000001,6917.29166,1.383319999999003
2026-01-09 09:09:41.558,6915.908340000001,6917.29166,1.383319999999003
2026-01-09 09:09:41.559,6915.908340000001,6917.29166,1.383319999999003
2026-01-09 09:09:41.560,6915.908340000001,6917.29166,1.383319999999003
2026-01-09 09:09:41.561,6915.908340000001,6917.29166,1.383319999999003
2026-01-09 09:09:45.299,6916.10832,6917.49168,1.3833599999998114
2026-01-09 09:09:45.300,6916.10832,6917.49168,1.3833599999998114
2026-01-09 09:09:45.301,6916.10832,6917.49168,1.3833599999998114
2026-01-09 09:09:45.302,6916.10832,6917.49168,1.3833599999998114
2026-01-09 09:09:45.303,6916.10832,6917.49168,1.3833599999998114
2026-01-09 09:09:55.409,6915.908340000001,6917.29166,1.383319999999003
2026-01-09 09:09:55.410,6915.908340000001,6917.29166,1.383319999999003
2026-01-09 09:09:55.411,6915.908340000001,6917.29166,1.383319999999003
2026-01-09 09:09:55.415,6915.908340000001,6917.29166,1.383319999999003
2026-01-09 09:09:55.416,6915.908340000001,6917.29166,1.383319999999003
2026-01-09 09:09:55.417,6915.908340000001,6917.29166,1.383319999999003
