Trade #,Type,Date and time,Signal,Price GBP,Position size (qty),Position size (value),Net P&L GBP,Net P&L %,Favorable excursion GBP,Favorable excursion %,Adverse excursion GBP,Adverse excursion %,Cumulative P&L GBP,Cumulative P&L %
1,Exit long,2025-12-29 00:03,Exit Long,6931.4,1,6930.6,0.8,0.01,2,0.03,-0.1,0.00,0.8,0.03
1,Entry long,2025-12-29 00:02,Long,6930.6,1,6930.6,0.8,0.01,2,0.03,-0.1,0.00,0.8,0.03
2,Exit long,2025-12-29 00:18,Exit Long,6929.6,1,6930.1,-0.5,-0.01,0.7,0.01,-0.5,-0.01,0.3,0.01
2,Entry long,2025-12-29 00:17,Long,6930.1,1,6930.1,-0.5,-0.01,0.7,0.01,-0.5,-0.01,0.3,0.01
3,Exit long,2025-12-29 00:27,Exit Long,6930.9,1,6930.6,0.3,0.00,1.5,0.02,-0.3,0.00,0.6,0.02
3,Entry long,2025-12-29 00:20,Long,6930.6,1,6930.6,0.3,0.00,1.5,0.02,-0.3,0.00,0.6,0.02
4,Exit short,2025-12-29 00:55,Exit Short,6934.6,1,6933.9,-0.7,-0.01,0.6,0.01,-2.2,-0.03,-0.1,0.00
4,Entry short,2025-12-29 00:43,Short,6933.9,1,6933.9,-0.7,-0.01,0.6,0.01,-2.2,-0.03,-0.1,0.00
5,Exit short,2025-12-29 01:14,Exit Short,6933.8,1,6936.6,2.8,0.04,4,0.06,0,0.00,2.7,0.11
5,Entry short,2025-12-29 01:01,Short,6936.6,1,6936.6,2.8,0.04,4,0.06,0,0.00,2.7,0.11
6,Exit long,2025-12-29 01:33,Exit Long,6930.4,1,6930.6,-0.2,0.00,1,0.01,-0.2,0.00,2.5,0.10
6,Entry long,2025-12-29 01:31,Long,6930.6,1,6930.6,-0.2,0.00,1,0.01,-0.2,0.00,2.5,0.10
7,Exit long,2025-12-29 01:49,Exit Long,6928.4,1,6927.8,0.6,0.01,1.8,0.03,-0.2,0.00,3.1,0.12
7,Entry long,2025-12-29 01:42,Long,6927.8,1,6927.8,0.6,0.01,1.8,0.03,-0.2,0.00,3.1,0.12
8,Exit long,2025-12-29 02:10,Exit Long,6926.9,1,6926.7,0.2,0.00,1.4,0.02,-0.4,-0.01,3.3,0.13
8,Entry long,2025-12-29 01:59,Long,6926.7,1,6926.7,0.2,0.00,1.4,0.02,-0.4,-0.01,3.3,0.13
9,Exit long,2025-12-29 02:57,Exit Long,6926.9,1,6926.6,0.3,0.00,1.5,0.02,-1.5,-0.02,3.6,0.14
9,Entry long,2025-12-29 02:20,Long,6926.6,1,6926.6,0.3,0.00,1.5,0.02,-1.5,-0.02,3.6,0.14
10,Exit short,2025-12-29 03:29,Exit Short,6926.3,1,6928.1,1.8,0.03,3,0.04,-0.5,-0.01,5.4,0.22
10,Entry short,2025-12-29 03:08,Short,6928.1,1,6928.1,1.8,0.03,3,0.04,-0.5,-0.01,5.4,0.22
11,Exit short,2025-12-29 05:02,Exit Short,6926.4,1,6928.6,2.2,0.03,3.4,0.05,-3,-0.04,7.6,0.30
11,Entry short,2025-12-29 03:42,Short,6928.6,1,6928.6,2.2,0.03,3.4,0.05,-3,-0.04,7.6,0.30
12,Exit long,2025-12-29 05:04,Exit Long,6925.8,1,6926.1,-0.3,0.00,0.9,0.01,-0.3,0.00,7.3,0.29
12,Entry long,2025-12-29 05:03,Long,6926.1,1,6926.1,-0.3,0.00,0.9,0.01,-0.3,0.00,7.3,0.29
13,Exit long,2025-12-29 05:57,Exit Long,6925.1,1,6925.1,0,0.00,1.2,0.02,-1.8,-0.03,7.3,0.29
13,Entry long,2025-12-29 05:11,Long,6925.1,1,6925.1,0,0.00,1.2,0.02,-1.8,-0.03,7.3,0.29
14,Exit long,2025-12-29 06:28,Exit Long,6927.6,1,6923.7,3.9,0.06,5.1,0.07,-0.6,-0.01,11.2,0.45
14,Entry long,2025-12-29 06:04,Long,6923.7,1,6923.7,3.9,0.06,5.1,0.07,-0.6,-0.01,11.2,0.45
15,Exit short,2025-12-29 06:31,Exit Short,6927.8,1,6927.6,-0.2,0.00,1,0.01,-0.7,-0.01,11,0.44
15,Entry short,2025-12-29 06:29,Short,6927.6,1,6927.6,-0.2,0.00,1,0.01,-0.7,-0.01,11,0.44
16,Exit long,2025-12-29 07:02,Exit Long,6924.1,1,6923.7,0.4,0.01,1.6,0.02,-0.4,-0.01,11.4,0.46
16,Entry long,2025-12-29 06:57,Long,6923.7,1,6923.7,0.4,0.01,1.6,0.02,-0.4,-0.01,11.4,0.46
17,Exit long,2025-12-29 07:14,Exit Long,6921.2,1,6921.6,-0.4,-0.01,0.8,0.01,-0.4,-0.01,11,0.44
17,Entry long,2025-12-29 07:10,Long,6921.6,1,6921.6,-0.4,-0.01,0.8,0.01,-0.4,-0.01,11,0.44
18,Exit long,2025-12-29 07:38,Exit Long,6923.5,1,6920.2,3.3,0.05,4.5,0.07,-0.3,0.00,14.3,0.57
18,Entry long,2025-12-29 07:22,Long,6920.2,1,6920.2,3.3,0.05,4.5,0.07,-0.3,0.00,14.3,0.57
19,Exit long,2025-12-29 08:03,Exit Long,6920,1,6919.5,0.5,0.01,1.7,0.02,-0.4,-0.01,14.8,0.59
19,Entry long,2025-12-29 08:02,Long,6919.5,1,6919.5,0.5,0.01,1.7,0.02,-0.4,-0.01,14.8,0.59
20,Exit long,2025-12-29 08:08,Exit Long,6918.2,1,6918.7,-0.5,-0.01,0.7,0.01,-0.5,-0.01,14.3,0.57
20,Entry long,2025-12-29 08:07,Long,6918.7,1,6918.7,-0.5,-0.01,0.7,0.01,-0.5,-0.01,14.3,0.57
21,Exit long,2025-12-29 08:18,Exit Long,6920,1,6918.7,1.3,0.02,2.5,0.04,-0.2,0.00,15.6,0.62
21,Entry long,2025-12-29 08:15,Long,6918.7,1,6918.7,1.3,0.02,2.5,0.04,-0.2,0.00,15.6,0.62
22,Exit long,2025-12-29 08:52,Exit Long,6911.1,1,6919.4,-8.3,-0.12,0.2,0.00,-8.3,-0.12,7.3,0.29
22,Entry long,2025-12-29 08:27,Long,6919.4,1,6919.4,-8.3,-0.12,0.2,0.00,-8.3,-0.12,7.3,0.29
23,Exit long,2025-12-29 09:02,Exit Long,6913.7,1,6911.2,2.5,0.04,3.7,0.05,-0.3,0.00,9.8,0.39
23,Entry long,2025-12-29 08:58,Long,6911.2,1,6911.2,2.5,0.04,3.7,0.05,-0.3,0.00,9.8,0.39
24,Exit short,2025-12-29 10:23,Exit Short,6916.3,1,6916.6,0.3,0.00,1.5,0.02,-2.3,-0.03,10.1,0.40
24,Entry short,2025-12-29 10:13,Short,6916.6,1,6916.6,0.3,0.00,1.5,0.02,-2.3,-0.03,10.1,0.40
25,Exit long,2025-12-29 11:00,Exit Long,6914.4,1,6914.9,-0.5,-0.01,0.7,0.01,-0.5,-0.01,9.6,0.38
25,Entry long,2025-12-29 10:57,Long,6914.9,1,6914.9,-0.5,-0.01,0.7,0.01,-0.5,-0.01,9.6,0.38
26,Exit long,2025-12-29 11:03,Exit Long,6914.7,1,6914.9,-0.2,0.00,1,0.01,-0.3,0.00,9.4,0.38
26,Entry long,2025-12-29 11:01,Long,6914.9,1,6914.9,-0.2,0.00,1,0.01,-0.3,0.00,9.4,0.38
27,Exit long,2025-12-29 11:23,Exit Long,6913,1,6913.5,-0.5,-0.01,0.7,0.01,-1.1,-0.02,8.9,0.36
27,Entry long,2025-12-29 11:19,Long,6913.5,1,6913.5,-0.5,-0.01,0.7,0.01,-1.1,-0.02,8.9,0.36
28,Exit long,2025-12-29 11:47,Exit Long,6917.7,1,6913.1,4.6,0.07,5.8,0.08,-0.7,-0.01,13.5,0.54
28,Entry long,2025-12-29 11:26,Long,6913.1,1,6913.1,4.6,0.07,5.8,0.08,-0.7,-0.01,13.5,0.54
29,Exit short,2025-12-29 12:05,Exit Short,6916.8,1,6917.4,0.6,0.01,1.8,0.03,-1.2,-0.02,14.1,0.56
29,Entry short,2025-12-29 11:48,Short,6917.4,1,6917.4,0.6,0.01,1.8,0.03,-1.2,-0.02,14.1,0.56
30,Exit long,2025-12-29 13:47,Exit Long,6906.6,1,6914.9,-8.3,-0.12,0.5,0.01,-8.3,-0.12,5.8,0.23
30,Entry long,2025-12-29 12:39,Long,6914.9,1,6914.9,-8.3,-0.12,0.5,0.01,-8.3,-0.12,5.8,0.23
31,Exit long,2025-12-29 13:52,Exit Long,6900.7,1,6901.1,-0.4,-0.01,0.8,0.01,-0.4,-0.01,5.4,0.22
31,Entry long,2025-12-29 13:52,Long,6901.1,1,6901.1,-0.4,-0.01,0.8,0.01,-0.4,-0.01,5.4,0.22
32,Exit long,2025-12-29 14:15,Exit Long,6901.9,1,6901.5,0.4,0.01,1.6,0.02,-1.3,-0.02,5.8,0.23
32,Entry long,2025-12-29 14:10,Long,6901.5,1,6901.5,0.4,0.01,1.6,0.02,-1.3,-0.02,5.8,0.23
33,Exit long,2025-12-29 14:20,Exit Long,6896.9,1,6897.1,-0.2,0.00,1,0.01,-2.5,-0.04,5.6,0.22
33,Entry long,2025-12-29 14:17,Long,6897.1,1,6897.1,-0.2,0.00,1,0.01,-2.5,-0.04,5.6,0.22
34,Exit short,2025-12-29 14:40,Exit Short,6914.3,1,6915.1,0.8,0.01,2,0.03,-0.3,0.00,6.4,0.26
34,Entry short,2025-12-29 14:40,Short,6915.1,1,6915.1,0.8,0.01,2,0.03,-0.3,0.00,6.4,0.26
35,Exit long,2025-12-29 15:16,Exit Long,6900.6,1,6899.4,1.2,0.02,2.5,0.04,-3.5,-0.05,7.6,0.30
35,Entry long,2025-12-29 15:11,Long,6899.4,1,6899.4,1.2,0.02,2.5,0.04,-3.5,-0.05,7.6,0.30
36,Exit long,2025-12-29 16:11,Exit Long,6899.2,1,6899.4,-0.2,0.00,1,0.01,-0.8,-0.01,7.4,0.30
36,Entry long,2025-12-29 16:09,Long,6899.4,1,6899.4,-0.2,0.00,1,0.01,-0.8,-0.01,7.4,0.30
37,Exit long,2025-12-29 16:21,Exit Long,6899.1,1,6899.4,-0.3,0.00,1,0.01,-1,-0.01,7.1,0.28
37,Entry long,2025-12-29 16:20,Long,6899.4,1,6899.4,-0.3,0.00,1,0.01,-1,-0.01,7.1,0.28
38,Exit long,2025-12-29 16:25,Exit Long,6899.7,1,6899.1,0.6,0.01,1.8,0.03,-0.2,0.00,7.7,0.31
38,Entry long,2025-12-29 16:24,Long,6899.1,1,6899.1,0.6,0.01,1.8,0.03,-0.2,0.00,7.7,0.31
39,Exit long,2025-12-29 16:33,Exit Long,6901.4,1,6897.6,3.8,0.06,5,0.07,0,0.00,11.5,0.46
39,Entry long,2025-12-29 16:28,Long,6897.6,1,6897.6,3.8,0.06,5,0.07,0,0.00,11.5,0.46
40,Exit long,2025-12-29 16:38,Exit Long,6898.7,1,6897.6,1.1,0.02,2.3,0.03,-1,-0.01,12.6,0.50
40,Entry long,2025-12-29 16:36,Long,6897.6,1,6897.6,1.1,0.02,2.3,0.03,-1,-0.01,12.6,0.50
41,Exit long,2025-12-29 16:46,Exit Long,6897.6,1,6896.1,1.5,0.02,2.7,0.04,-1,-0.01,14.1,0.56
41,Entry long,2025-12-29 16:43,Long,6896.1,1,6896.1,1.5,0.02,2.7,0.04,-1,-0.01,14.1,0.56
42,Exit long,2025-12-29 17:13,Exit Long,6895.7,1,6894.9,0.8,0.01,2,0.03,0,0.00,14.9,0.60
42,Entry long,2025-12-29 17:12,Long,6894.9,1,6894.9,0.8,0.01,2,0.03,0,0.00,14.9,0.60
43,Exit long,2025-12-29 17:32,Exit Long,6891.7,1,6890.1,1.6,0.02,2.8,0.04,-0.5,-0.01,16.5,0.66
43,Entry long,2025-12-29 17:30,Long,6890.1,1,6890.1,1.6,0.02,2.8,0.04,-0.5,-0.01,16.5,0.66
44,Exit short,2025-12-29 18:02,Exit Short,6897.1,1,6897.4,0.3,0.00,1.5,0.02,-0.5,-0.01,16.8,0.67
44,Entry short,2025-12-29 18:00,Short,6897.4,1,6897.4,0.3,0.00,1.5,0.02,-0.5,-0.01,16.8,0.67
45,Exit short,2025-12-29 18:12,Exit Short,6897.3,1,6897.9,0.6,0.01,1.8,0.03,0,0.00,17.4,0.70
45,Entry short,2025-12-29 18:10,Short,6897.9,1,6897.9,0.6,0.01,1.8,0.03,0,0.00,17.4,0.70
46,Exit short,2025-12-29 19:05,Exit Short,6898.6,1,6899.9,1.3,0.02,2.5,0.04,-7,-0.10,18.7,0.75
46,Entry short,2025-12-29 18:21,Short,6899.9,1,6899.9,1.3,0.02,2.5,0.04,-7,-0.10,18.7,0.75
47,Exit long,2025-12-29 19:18,Exit Long,6897.7,1,6897.9,-0.2,0.00,1,0.01,-1,-0.01,18.5,0.74
47,Entry long,2025-12-29 19:09,Long,6897.9,1,6897.9,-0.2,0.00,1,0.01,-1,-0.01,18.5,0.74
48,Exit short,2025-12-29 20:14,Exit Short,6913.4,1,6905.5,-7.9,-0.11,0.1,0.00,-7.9,-0.11,10.6,0.42
48,Entry short,2025-12-29 19:36,Short,6905.5,1,6905.5,-7.9,-0.11,0.1,0.00,-7.9,-0.11,10.6,0.42
49,Exit short,2025-12-29 20:23,Exit Short,6913.1,1,6913.6,0.5,0.01,1.7,0.02,-0.5,-0.01,11.1,0.44
49,Entry short,2025-12-29 20:17,Short,6913.6,1,6913.6,0.5,0.01,1.7,0.02,-0.5,-0.01,11.1,0.44
50,Exit long,2025-12-29 20:58,Exit Long,6907.4,1,6906.6,0.8,0.01,2,0.03,-2,-0.03,11.9,0.48
50,Entry long,2025-12-29 20:56,Long,6906.6,1,6906.6,0.8,0.01,2,0.03,-2,-0.03,11.9,0.48
51,Exit long,2025-12-29 20:59,Exit Long,6907.7,1,6905.6,2.1,0.03,3.3,0.05,-2.7,-0.04,14,0.56
51,Entry long,2025-12-29 20:59,Long,6905.6,1,6905.6,2.1,0.03,3.3,0.05,-2.7,-0.04,14,0.56
52,Exit short,2025-12-29 23:09,Exit Short,6907.5,1,6908.8,1.3,0.02,2.5,0.04,-0.8,-0.01,15.3,0.61
52,Entry short,2025-12-29 23:00,Short,6908.8,1,6908.8,1.3,0.02,2.5,0.04,-0.8,-0.01,15.3,0.61
53,Exit long,2025-12-29 23:39,Exit Long,6906.2,1,6906.6,-0.4,-0.01,0.8,0.01,-3.2,-0.05,14.9,0.60
53,Entry long,2025-12-29 23:16,Long,6906.6,1,6906.6,-0.4,-0.01,0.8,0.01,-3.2,-0.05,14.9,0.60
54,Exit long,2025-12-30 00:13,Exit Long,6904.4,1,6904.8,-0.4,-0.01,0.8,0.01,-1.4,-0.02,14.5,0.58
54,Entry long,2025-12-29 23:58,Long,6904.8,1,6904.8,-0.4,-0.01,0.8,0.01,-1.4,-0.02,14.5,0.58
55,Exit short,2025-12-30 00:37,Exit Short,6905.8,1,6906.5,0.7,0.01,1.9,0.03,-0.6,-0.01,15.2,0.61
55,Entry short,2025-12-30 00:26,Short,6906.5,1,6906.5,0.7,0.01,1.9,0.03,-0.6,-0.01,15.2,0.61
56,Exit short,2025-12-30 01:01,Exit Short,6902.8,1,6906.1,3.3,0.05,4.5,0.07,0,0.00,18.5,0.74
56,Entry short,2025-12-30 00:49,Short,6906.1,1,6906.1,3.3,0.05,4.5,0.07,0,0.00,18.5,0.74
57,Exit long,2025-12-30 01:10,Exit Long,6904.1,1,6903.6,0.5,0.01,1.7,0.02,-0.7,-0.01,19,0.76
57,Entry long,2025-12-30 01:02,Long,6903.6,1,6903.6,0.5,0.01,1.7,0.02,-0.7,-0.01,19,0.76
58,Exit short,2025-12-30 02:18,Exit Short,6905.6,1,6905.9,0.3,0.00,1.5,0.02,-1,-0.01,19.3,0.77
58,Entry short,2025-12-30 02:04,Short,6905.9,1,6905.9,0.3,0.00,1.5,0.02,-1,-0.01,19.3,0.77
59,Exit long,2025-12-30 02:41,Exit Long,6902.9,1,6903.1,-0.2,0.00,1,0.01,-0.2,0.00,19.1,0.76
59,Entry long,2025-12-30 02:31,Long,6903.1,1,6903.1,-0.2,0.00,1,0.01,-0.2,0.00,19.1,0.76
60,Exit long,2025-12-30 03:07,Exit Long,6903.2,1,6902.6,0.6,0.01,1.8,0.03,-1,-0.01,19.7,0.79
60,Entry long,2025-12-30 02:48,Long,6902.6,1,6902.6,0.6,0.01,1.8,0.03,-1,-0.01,19.7,0.79
61,Exit short,2025-12-30 06:33,Exit Short,6904.6,1,6904.9,0.3,0.00,1.5,0.02,-5.7,-0.08,20,0.80
61,Entry short,2025-12-30 03:24,Short,6904.9,1,6904.9,0.3,0.00,1.5,0.02,-5.7,-0.08,20,0.80
62,Exit long,2025-12-30 08:11,Exit Long,6904.2,1,6903.4,0.8,0.01,2,0.03,-6.7,-0.10,20.8,0.83
62,Entry long,2025-12-30 07:07,Long,6903.4,1,6903.4,0.8,0.01,2,0.03,-6.7,-0.10,20.8,0.83
63,Exit short,2025-12-30 08:21,Exit Short,6904.4,1,6904.7,0.3,0.00,1.5,0.02,-0.7,-0.01,21.1,0.84
63,Entry short,2025-12-30 08:12,Short,6904.7,1,6904.7,0.3,0.00,1.5,0.02,-0.7,-0.01,21.1,0.84
64,Exit short,2025-12-30 08:25,Exit Short,6905.2,1,6905.3,0.1,0.00,1.3,0.02,0,0.00,21.2,0.85
64,Entry short,2025-12-30 08:24,Short,6905.3,1,6905.3,0.1,0.00,1.3,0.02,0,0.00,21.2,0.85
65,Exit short,2025-12-30 08:31,Exit Short,6904.9,1,6904.9,0,0.00,1.2,0.02,-0.5,-0.01,21.2,0.85
65,Entry short,2025-12-30 08:28,Short,6904.9,1,6904.9,0,0.00,1.2,0.02,-0.5,-0.01,21.2,0.85
66,Exit short,2025-12-30 10:52,Exit Short,6905.6,1,6906.4,0.8,0.01,2,0.03,-3.8,-0.06,22,0.88
66,Entry short,2025-12-30 08:37,Short,6906.4,1,6906.4,0.8,0.01,2,0.03,-3.8,-0.06,22,0.88
67,Exit long,2025-12-30 12:00,Exit Long,6906,1,6904.9,1.1,0.02,2.3,0.03,-4.9,-0.07,23.1,0.92
67,Entry long,2025-12-30 10:55,Long,6904.9,1,6904.9,1.1,0.02,2.3,0.03,-4.9,-0.07,23.1,0.92
68,Exit short,2025-12-30 12:31,Exit Short,6906.6,1,6906.9,0.3,0.00,1.5,0.02,-2,-0.03,23.4,0.94
68,Entry short,2025-12-30 12:05,Short,6906.9,1,6906.9,0.3,0.00,1.5,0.02,-2,-0.03,23.4,0.94
69,Exit short,2025-12-30 13:34,Exit Short,6904.4,1,6907.4,3,0.04,4.2,0.06,-0.9,-0.01,26.4,1.06
69,Entry short,2025-12-30 13:21,Short,6907.4,1,6907.4,3,0.04,4.2,0.06,-0.9,-0.01,26.4,1.06
70,Exit long,2025-12-30 13:46,Exit Long,6903.7,1,6903.9,-0.2,0.00,1,0.01,-1.2,-0.02,26.2,1.05
70,Entry long,2025-12-30 13:41,Long,6903.9,1,6903.9,-0.2,0.00,1,0.01,-1.2,-0.02,26.2,1.05
71,Exit long,2025-12-30 14:00,Exit Long,6904.2,1,6902.4,1.8,0.03,3,0.04,-0.5,-0.01,28,1.12
71,Entry long,2025-12-30 13:52,Long,6902.4,1,6902.4,1.8,0.03,3,0.04,-0.5,-0.01,28,1.12
72,Exit long,2025-12-30 14:37,Exit Long,6902,1,6902.4,-0.4,-0.01,0.8,0.01,-0.4,-0.01,27.6,1.10
72,Entry long,2025-12-30 14:37,Long,6902.4,1,6902.4,-0.4,-0.01,0.8,0.01,-0.4,-0.01,27.6,1.10
73,Exit long,2025-12-30 14:47,Exit Long,6901.2,1,6900.9,0.3,0.00,1.5,0.02,-3.7,-0.05,27.9,1.12
73,Entry long,2025-12-30 14:43,Long,6900.9,1,6900.9,0.3,0.00,1.5,0.02,-3.7,-0.05,27.9,1.12
74,Exit short,2025-12-30 14:53,Exit Short,6907.9,1,6907.7,-0.2,0.00,1,0.01,-2.7,-0.04,27.7,1.11
74,Entry short,2025-12-30 14:52,Short,6907.7,1,6907.7,-0.2,0.00,1,0.01,-2.7,-0.04,27.7,1.11
75,Exit short,2025-12-30 15:02,Exit Short,6908.1,1,6911.7,3.6,0.05,4.8,0.07,0,0.00,31.3,1.25
75,Entry short,2025-12-30 14:59,Short,6911.7,1,6911.7,3.6,0.05,4.8,0.07,0,0.00,31.3,1.25
76,Exit long,2025-12-30 15:24,Exit Long,6901,1,6898.2,2.8,0.04,4,0.06,-2.8,-0.04,34.1,1.36
76,Entry long,2025-12-30 15:17,Long,6898.2,1,6898.2,2.8,0.04,4,0.06,-2.8,-0.04,34.1,1.36
77,Exit long,2025-12-30 15:45,Exit Long,6895.2,1,6894.9,0.3,0.00,1.5,0.02,-1,-0.01,34.4,1.38
77,Entry long,2025-12-30 15:43,Long,6894.9,1,6894.9,0.3,0.00,1.5,0.02,-1,-0.01,34.4,1.38
78,Exit short,2025-12-30 16:21,Exit Short,6913.4,1,6905.7,-7.7,-0.11,0.3,0.00,-7.7,-0.11,26.7,1.07
78,Entry short,2025-12-30 16:03,Short,6905.7,1,6905.7,-7.7,-0.11,0.3,0.00,-7.7,-0.11,26.7,1.07
79,Exit long,2025-12-30 17:03,Exit Long,6900,1,6900.4,-0.4,-0.01,0.8,0.01,-0.5,-0.01,26.3,1.05
79,Entry long,2025-12-30 17:01,Long,6900.4,1,6900.4,-0.4,-0.01,0.8,0.01,-0.5,-0.01,26.3,1.05
80,Exit long,2025-12-30 17:21,Exit Long,6900.7,1,6898.3,2.4,0.03,3.6,0.05,-0.1,0.00,28.7,1.15
80,Entry long,2025-12-30 17:17,Long,6898.3,1,6898.3,2.4,0.03,3.6,0.05,-0.1,0.00,28.7,1.15
81,Exit short,2025-12-30 17:48,Exit Short,6901.1,1,6903.9,2.8,0.04,4,0.06,-1,-0.01,31.5,1.26
81,Entry short,2025-12-30 17:39,Short,6903.9,1,6903.9,2.8,0.04,4,0.06,-1,-0.01,31.5,1.26
82,Exit short,2025-12-30 18:02,Exit Short,6901.4,1,6903.9,2.5,0.04,3.7,0.05,0,0.00,34,1.36
82,Entry short,2025-12-30 18:00,Short,6903.9,1,6903.9,2.5,0.04,3.7,0.05,0,0.00,34,1.36
83,Exit short,2025-12-30 18:21,Exit Short,6904.4,1,6904.4,0,0.00,1.2,0.02,-1.3,-0.02,34,1.36
83,Entry short,2025-12-30 18:12,Short,6904.4,1,6904.4,0,0.00,1.2,0.02,-1.3,-0.02,34,1.36
84,Exit short,2025-12-30 18:42,Exit Short,6903.9,1,6904.9,1,0.01,2.2,0.03,-2.3,-0.03,35,1.40
84,Entry short,2025-12-30 18:28,Short,6904.9,1,6904.9,1,0.01,2.2,0.03,-2.3,-0.03,35,1.40
85,Exit long,2025-12-30 19:09,Exit Long,6904.5,1,6903.9,0.6,0.01,1.8,0.03,-0.5,-0.01,35.6,1.42
85,Entry long,2025-12-30 19:07,Long,6903.9,1,6903.9,0.6,0.01,1.8,0.03,-0.5,-0.01,35.6,1.42
86,Exit short,2025-12-30 19:18,Exit Short,6905.9,1,6906.2,0.3,0.00,1.5,0.02,-0.5,-0.01,35.9,1.44
86,Entry short,2025-12-30 19:16,Short,6906.2,1,6906.2,0.3,0.00,1.5,0.02,-0.5,-0.01,35.9,1.44
87,Exit long,2025-12-30 20:06,Exit Long,6902.7,1,6902.9,-0.2,0.00,1,0.01,-1.5,-0.02,35.7,1.43
87,Entry long,2025-12-30 19:55,Long,6902.9,1,6902.9,-0.2,0.00,1,0.01,-1.5,-0.02,35.7,1.43
88,Exit long,2025-12-30 20:25,Exit Long,6903.7,1,6899.9,3.8,0.06,5,0.07,-0.2,0.00,39.5,1.58
88,Entry long,2025-12-30 20:13,Long,6899.9,1,6899.9,3.8,0.06,5,0.07,-0.2,0.00,39.5,1.58
89,Exit short,2025-12-30 20:48,Exit Short,6904.6,1,6904.7,0.1,0.00,1.3,0.02,-0.2,0.00,39.6,1.58
89,Entry short,2025-12-30 20:43,Short,6904.7,1,6904.7,0.1,0.00,1.3,0.02,-0.2,0.00,39.6,1.58
90,Exit long,2025-12-30 21:00,Exit Long,6898.4,1,6897.9,0.5,0.01,1.7,0.02,-1.2,-0.02,40.1,1.60
90,Entry long,2025-12-30 21:00,Long,6897.9,1,6897.9,0.5,0.01,1.7,0.02,-1.2,-0.02,40.1,1.60
91,Exit long,2025-12-30 21:26,Exit Long,6898.7,1,6897.1,1.6,0.02,2.8,0.04,0,0.00,41.7,1.67
91,Entry long,2025-12-30 21:08,Long,6897.1,1,6897.1,1.6,0.02,2.8,0.04,0,0.00,41.7,1.67
92,Exit short,2025-12-30 23:12,Exit Short,6896.9,1,6900.6,3.7,0.05,4.9,0.07,-0.1,0.00,45.4,1.82
92,Entry short,2025-12-30 23:09,Short,6900.6,1,6900.6,3.7,0.05,4.9,0.07,-0.1,0.00,45.4,1.82
93,Exit long,2025-12-31 00:48,Exit Long,6888.8,1,6896.7,-7.9,-0.11,0.5,0.01,-7.9,-0.11,37.5,1.50
93,Entry long,2025-12-30 23:19,Long,6896.7,1,6896.7,-7.9,-0.11,0.5,0.01,-7.9,-0.11,37.5,1.50
94,Exit long,2025-12-31 00:51,Exit Long,6888.5,1,6889.1,-0.6,-0.01,0.6,0.01,-0.6,-0.01,36.9,1.48
94,Entry long,2025-12-31 00:49,Long,6889.1,1,6889.1,-0.6,-0.01,0.6,0.01,-0.6,-0.01,36.9,1.48
95,Exit long,2025-12-31 00:57,Exit Long,6887.4,1,6888,-0.6,-0.01,0.6,0.01,-1,-0.01,36.3,1.45
95,Entry long,2025-12-31 00:55,Long,6888,1,6888,-0.6,-0.01,0.6,0.01,-1,-0.01,36.3,1.45
96,Exit long,2025-12-31 01:04,Exit Long,6883.5,1,6883.7,-0.2,0.00,1,0.01,-0.2,0.00,36.1,1.44
96,Entry long,2025-12-31 01:03,Long,6883.7,1,6883.7,-0.2,0.00,1,0.01,-0.2,0.00,36.1,1.44
97,Exit long,2025-12-31 01:08,Exit Long,6885.8,1,6885.2,0.6,0.01,1.8,0.03,-0.4,-0.01,36.7,1.47
97,Entry long,2025-12-31 01:06,Long,6885.2,1,6885.2,0.6,0.01,1.8,0.03,-0.4,-0.01,36.7,1.47
98,Exit short,2025-12-31 02:14,Exit Short,6887.2,1,6887.8,0.6,0.01,1.8,0.03,0,0.00,37.3,1.49
98,Entry short,2025-12-31 02:05,Short,6887.8,1,6887.8,0.6,0.01,1.8,0.03,0,0.00,37.3,1.49
99,Exit short,2025-12-31 02:30,Exit Short,6889.7,1,6889.3,-0.4,-0.01,0.8,0.01,-0.4,-0.01,36.9,1.48
99,Entry short,2025-12-31 02:25,Short,6889.3,1,6889.3,-0.4,-0.01,0.8,0.01,-0.4,-0.01,36.9,1.48
100,Exit short,2025-12-31 02:49,Exit Short,6888,1,6889.5,1.5,0.02,2.7,0.04,-0.2,0.00,38.4,1.54
100,Entry short,2025-12-31 02:48,Short,6889.5,1,6889.5,1.5,0.02,2.7,0.04,-0.2,0.00,38.4,1.54
101,Exit short,2025-12-31 03:46,Exit Short,6888.7,1,6890.2,1.5,0.02,2.7,0.04,-2,-0.03,39.9,1.60
101,Entry short,2025-12-31 03:00,Short,6890.2,1,6890.2,1.5,0.02,2.7,0.04,-2,-0.03,39.9,1.60
102,Exit short,2025-12-31 04:50,Exit Short,6889,1,6891.2,2.2,0.03,3.5,0.05,0,0.00,42.1,1.68
102,Entry short,2025-12-31 04:21,Short,6891.2,1,6891.2,2.2,0.03,3.5,0.05,0,0.00,42.1,1.68
103,Exit long,2025-12-31 05:36,Exit Long,6888,1,6887.5,0.5,0.01,1.7,0.02,-0.5,-0.01,42.6,1.70
103,Entry long,2025-12-31 05:18,Long,6887.5,1,6887.5,0.5,0.01,1.7,0.02,-0.5,-0.01,42.6,1.70
104,Exit long,2025-12-31 08:31,Exit Long,6879,1,6886.8,-7.8,-0.11,0,0.00,-7.8,-0.11,34.8,1.39
104,Entry long,2025-12-31 05:42,Long,6886.8,1,6886.8,-7.8,-0.11,0,0.00,-7.8,-0.11,34.8,1.39
105,Exit long,2025-12-31 09:05,Exit Long,6880.4,1,6879.7,0.7,0.01,1.9,0.03,-3.7,-0.05,35.5,1.42
105,Entry long,2025-12-31 08:32,Long,6879.7,1,6879.7,0.7,0.01,1.9,0.03,-3.7,-0.05,35.5,1.42
106,Exit short,2025-12-31 09:46,Exit Short,6879.9,1,6880.1,0.2,0.00,1.4,0.02,-0.1,0.00,35.7,1.43
106,Entry short,2025-12-31 09:41,Short,6880.1,1,6880.1,0.2,0.00,1.4,0.02,-0.1,0.00,35.7,1.43
107,Exit long,2025-12-31 10:08,Exit Long,6877.5,1,6877,0.5,0.01,1.7,0.02,0,0.00,36.2,1.45
107,Entry long,2025-12-31 10:05,Long,6877,1,6877,0.5,0.01,1.7,0.02,0,0.00,36.2,1.45
108,Exit short,2025-12-31 11:14,Exit Short,6882.1,1,6881.7,-0.4,-0.01,0.8,0.01,-0.4,-0.01,35.8,1.43
108,Entry short,2025-12-31 11:08,Short,6881.7,1,6881.7,-0.4,-0.01,0.8,0.01,-0.4,-0.01,35.8,1.43
109,Exit short,2025-12-31 11:19,Exit Short,6881.7,1,6882.1,0.4,0.01,1.6,0.02,0,0.00,36.2,1.45
109,Entry short,2025-12-31 11:17,Short,6882.1,1,6882.1,0.4,0.01,1.6,0.02,0,0.00,36.2,1.45
110,Exit short,2025-12-31 13:16,Exit Short,6890.7,1,6882.6,-8.1,-0.12,0.4,0.01,-8.1,-0.12,28.1,1.12
110,Entry short,2025-12-31 11:29,Short,6882.6,1,6882.6,-8.1,-0.12,0.4,0.01,-8.1,-0.12,28.1,1.12
111,Exit short,2025-12-31 13:47,Exit Short,6898.5,1,6890.2,-8.3,-0.12,0.2,0.00,-8.3,-0.12,19.8,0.79
111,Entry short,2025-12-31 13:18,Short,6890.2,1,6890.2,-8.3,-0.12,0.2,0.00,-8.3,-0.12,19.8,0.79
112,Exit short,2025-12-31 14:00,Exit Short,6902.7,1,6902.5,-0.2,0.00,1,0.01,-1.7,-0.02,19.6,0.78
112,Entry short,2025-12-31 13:55,Short,6902.5,1,6902.5,-0.2,0.00,1,0.01,-1.7,-0.02,19.6,0.78
113,Exit short,2025-12-31 14:06,Exit Short,6903.7,1,6903.6,-0.1,0.00,1.1,0.02,-0.1,0.00,19.5,0.78
113,Entry short,2025-12-31 14:03,Short,6903.6,1,6903.6,-0.1,0.00,1.1,0.02,-0.1,0.00,19.5,0.78
114,Exit long,2025-12-31 14:45,Exit Long,6880.7,1,6888.5,-7.8,-0.11,0.2,0.00,-7.8,-0.11,11.7,0.47
114,Entry long,2025-12-31 14:39,Long,6888.5,1,6888.5,-7.8,-0.11,0.2,0.00,-7.8,-0.11,11.7,0.47
115,Exit long,2025-12-31 14:49,Exit Long,6881,1,6881.6,-0.6,-0.01,0.6,0.01,-0.6,-0.01,11.1,0.44
115,Entry long,2025-12-31 14:49,Long,6881.6,1,6881.6,-0.6,-0.01,0.6,0.01,-0.6,-0.01,11.1,0.44
116,Exit long,2025-12-31 15:46,Exit Long,6874.7,1,6883,-8.3,-0.12,0.5,0.01,-8.3,-0.12,2.8,0.11
116,Entry long,2025-12-31 15:10,Long,6883,1,6883,-8.3,-0.12,0.5,0.01,-8.3,-0.12,2.8,0.11
117,Exit long,2025-12-31 15:56,Exit Long,6867.5,1,6875.7,-8.2,-0.12,0,0.00,-8.2,-0.12,-5.4,-0.22
117,Entry long,2025-12-31 15:47,Long,6875.7,1,6875.7,-8.2,-0.12,0,0.00,-8.2,-0.12,-5.4,-0.22
118,Exit long,2025-12-31 16:01,Exit Long,6870.5,1,6869.5,1,0.01,2.2,0.03,-1.5,-0.02,-4.4,-0.18
118,Entry long,2025-12-31 15:59,Long,6869.5,1,6869.5,1,0.01,2.2,0.03,-1.5,-0.02,-4.4,-0.18
119,Exit short,2025-12-31 16:43,Exit Short,6874.7,1,6875.7,1,0.01,2.2,0.03,0,0.00,-3.4,-0.14
119,Entry short,2025-12-31 16:41,Short,6875.7,1,6875.7,1,0.01,2.2,0.03,0,0.00,-3.4,-0.14
120,Exit short,2025-12-31 17:11,Exit Short,6873.2,1,6877,3.8,0.06,5,0.07,-3,-0.04,0.4,0.02
120,Entry short,2025-12-31 16:54,Short,6877,1,6877,3.8,0.06,5,0.07,-3,-0.04,0.4,0.02
121,Exit long,2025-12-31 18:01,Exit Long,6873.8,1,6873.5,0.3,0.00,1.5,0.02,-0.5,-0.01,0.7,0.03
121,Entry long,2025-12-31 17:58,Long,6873.5,1,6873.5,0.3,0.00,1.5,0.02,-0.5,-0.01,0.7,0.03
122,Exit short,2025-12-31 18:20,Exit Short,6876.9,1,6878,1.1,0.02,2.3,0.03,-0.5,-0.01,1.8,0.07
122,Entry short,2025-12-31 18:17,Short,6878,1,6878,1.1,0.02,2.3,0.03,-0.5,-0.01,1.8,0.07
123,Exit short,2025-12-31 18:34,Exit Short,6880.2,1,6879.7,-0.5,-0.01,0.7,0.01,-0.5,-0.01,1.3,0.05
123,Entry short,2025-12-31 18:33,Short,6879.7,1,6879.7,-0.5,-0.01,0.7,0.01,-0.5,-0.01,1.3,0.05
124,Exit short,2025-12-31 18:40,Exit Short,6880.9,1,6880.5,-0.4,-0.01,0.8,0.01,-0.5,-0.01,0.9,0.04
124,Entry short,2025-12-31 18:36,Short,6880.5,1,6880.5,-0.4,-0.01,0.8,0.01,-0.5,-0.01,0.9,0.04
125,Exit short,2025-12-31 18:44,Exit Short,6882,1,6881.5,-0.5,-0.01,0.8,0.01,-0.5,-0.01,0.4,0.02
125,Entry short,2025-12-31 18:43,Short,6881.5,1,6881.5,-0.5,-0.01,0.8,0.01,-0.5,-0.01,0.4,0.02
126,Exit short,2025-12-31 19:21,Exit Short,6879.2,1,6883.2,4,0.06,5.2,0.08,-5.3,-0.08,4.4,0.18
126,Entry short,2025-12-31 18:47,Short,6883.2,1,6883.2,4,0.06,5.2,0.08,-5.3,-0.08,4.4,0.18
127,Exit long,2025-12-31 19:38,Exit Long,6872.8,1,6870.2,2.6,0.04,3.8,0.06,-0.7,-0.01,7,0.28
127,Entry long,2025-12-31 19:36,Long,6870.2,1,6870.2,2.6,0.04,3.8,0.06,-0.7,-0.01,7,0.28
128,Exit long,2026-01-01 23:00,Exit Long,6854.9,1,6868.5,-13.6,-0.20,0.5,0.01,-13.6,-0.20,-6.6,-0.26
128,Entry long,2025-12-31 19:52,Long,6868.5,1,6868.5,-13.6,-0.20,0.5,0.01,-13.6,-0.20,-6.6,-0.26
129,Exit long,2026-01-01 23:11,Exit Long,6854.6,1,6854.3,0.3,0.00,1.5,0.02,-0.2,0.00,-6.3,-0.25
129,Entry long,2026-01-01 23:07,Long,6854.3,1,6854.3,0.3,0.00,1.5,0.02,-0.2,0.00,-6.3,-0.25
130,Exit long,2026-01-01 23:33,Exit Long,6857.1,1,6855.3,1.8,0.03,3,0.04,0,0.00,-4.5,-0.18
130,Entry long,2026-01-01 23:32,Long,6855.3,1,6855.3,1.8,0.03,3,0.04,0,0.00,-4.5,-0.18
131,Exit long,2026-01-02 00:12,Exit Long,6853.9,1,6853.8,0.1,0.00,1.3,0.02,0,0.00,-4.4,-0.18
131,Entry long,2026-01-02 00:11,Long,6853.8,1,6853.8,0.1,0.00,1.3,0.02,0,0.00,-4.4,-0.18
132,Exit short,2026-01-02 00:41,Exit Short,6856.5,1,6857.2,0.7,0.01,1.9,0.03,-0.9,-0.01,-3.7,-0.15
132,Entry short,2026-01-02 00:29,Short,6857.2,1,6857.2,0.7,0.01,1.9,0.03,-0.9,-0.01,-3.7,-0.15
133,Exit short,2026-01-02 01:33,Exit Short,6864.6,1,6856.7,-7.9,-0.12,0,0.00,-7.9,-0.12,-11.6,-0.46
133,Entry short,2026-01-02 00:56,Short,6856.7,1,6856.7,-7.9,-0.12,0,0.00,-7.9,-0.12,-11.6,-0.46
134,Exit short,2026-01-02 03:29,Exit Short,6873.8,1,6865.6,-8.2,-0.12,0.5,0.01,-8.2,-0.12,-19.8,-0.79
134,Entry short,2026-01-02 01:43,Short,6865.6,1,6865.6,-8.2,-0.12,0.5,0.01,-8.2,-0.12,-19.8,-0.79
135,Exit short,2026-01-02 03:37,Exit Short,6873.8,1,6873.8,0,0.00,1.2,0.02,0,0.00,-19.8,-0.79
135,Entry short,2026-01-02 03:31,Short,6873.8,1,6873.8,0,0.00,1.2,0.02,0,0.00,-19.8,-0.79
136,Exit short,2026-01-02 05:06,Exit Short,6875,1,6875.6,0.6,0.01,1.8,0.03,-2.5,-0.04,-19.2,-0.77
136,Entry short,2026-01-02 03:48,Short,6875.6,1,6875.6,0.6,0.01,1.8,0.03,-2.5,-0.04,-19.2,-0.77
137,Exit long,2026-01-02 05:11,Exit Long,6875.1,1,6875.6,-0.5,-0.01,0.7,0.01,-0.5,-0.01,-19.7,-0.79
137,Entry long,2026-01-02 05:07,Long,6875.6,1,6875.6,-0.5,-0.01,0.7,0.01,-0.5,-0.01,-19.7,-0.79
138,Exit short,2026-01-02 07:16,Exit Short,6875.3,1,6877.1,1.8,0.03,3,0.04,-2,-0.03,-17.9,-0.72
138,Entry short,2026-01-02 05:52,Short,6877.1,1,6877.1,1.8,0.03,3,0.04,-2,-0.03,-17.9,-0.72
139,Exit long,2026-01-02 07:33,Exit Long,6875.6,1,6874.8,0.8,0.01,2,0.03,-1,-0.01,-17.1,-0.68
139,Entry long,2026-01-02 07:17,Long,6874.8,1,6874.8,0.8,0.01,2,0.03,-1,-0.01,-17.1,-0.68
140,Exit long,2026-01-02 07:59,Exit Long,6875.1,1,6874.6,0.5,0.01,1.7,0.02,0,0.00,-16.6,-0.66
140,Entry long,2026-01-02 07:52,Long,6874.6,1,6874.6,0.5,0.01,1.7,0.02,0,0.00,-16.6,-0.66
141,Exit short,2026-01-02 08:52,Exit Short,6884.6,1,6876.8,-7.8,-0.11,0.2,0.00,-7.8,-0.11,-24.4,-0.98
141,Entry short,2026-01-02 08:02,Short,6876.8,1,6876.8,-7.8,-0.11,0.2,0.00,-7.8,-0.11,-24.4,-0.98
142,Exit short,2026-01-02 08:54,Exit Short,6884.8,1,6884.3,-0.5,-0.01,0.7,0.01,-0.5,-0.01,-24.9,-1.00
142,Entry short,2026-01-02 08:53,Short,6884.3,1,6884.3,-0.5,-0.01,0.7,0.01,-0.5,-0.01,-24.9,-1.00
143,Exit short,2026-01-02 09:00,Exit Short,6885.3,1,6884.8,-0.5,-0.01,0.7,0.01,-0.5,-0.01,-25.4,-1.02
143,Entry short,2026-01-02 08:59,Short,6884.8,1,6884.8,-0.5,-0.01,0.7,0.01,-0.5,-0.01,-25.4,-1.02
144,Exit short,2026-01-02 10:36,Exit Short,6885.8,1,6885.8,0,0.00,1.2,0.02,-6,-0.09,-25.4,-1.02
144,Entry short,2026-01-02 09:04,Short,6885.8,1,6885.8,0,0.00,1.2,0.02,-6,-0.09,-25.4,-1.02
145,Exit long,2026-01-02 10:51,Exit Long,6889.1,1,6885.6,3.5,0.05,4.7,0.07,-0.3,0.00,-21.9,-0.88
145,Entry long,2026-01-02 10:37,Long,6885.6,1,6885.6,3.5,0.05,4.7,0.07,-0.3,0.00,-21.9,-0.88
146,Exit short,2026-01-02 11:21,Exit Short,6887.8,1,6890.1,2.3,0.03,3.5,0.05,-0.5,-0.01,-19.6,-0.78
146,Entry short,2026-01-02 11:05,Short,6890.1,1,6890.1,2.3,0.03,3.5,0.05,-0.5,-0.01,-19.6,-0.78
147,Exit long,2026-01-02 11:38,Exit Long,6887.1,1,6886.3,0.8,0.01,2,0.03,-0.2,0.00,-18.8,-0.75
147,Entry long,2026-01-02 11:30,Long,6886.3,1,6886.3,0.8,0.01,2,0.03,-0.2,0.00,-18.8,-0.75
148,Exit long,2026-01-02 14:20,Exit Long,6878.6,1,6886.8,-8.2,-0.12,0.3,0.00,-8.2,-0.12,-27,-1.08
148,Entry long,2026-01-02 11:59,Long,6886.8,1,6886.8,-8.2,-0.12,0.3,0.00,-8.2,-0.12,-27,-1.08
149,Exit long,2026-01-02 14:25,Exit Long,6880,1,6879.3,0.7,0.01,1.9,0.03,-0.2,0.00,-26.3,-1.05
149,Entry long,2026-01-02 14:24,Long,6879.3,1,6879.3,0.7,0.01,1.9,0.03,-0.2,0.00,-26.3,-1.05
150,Exit short,2026-01-02 14:34,Exit Short,6870.3,1,6878.1,7.8,0.11,9,0.13,-0.2,0.00,-18.5,-0.74
150,Entry short,2026-01-02 14:32,Short,6878.1,1,6878.1,7.8,0.11,9,0.13,-0.2,0.00,-18.5,-0.74
151,Exit long,2026-01-02 14:38,Exit Long,6875,1,6875.3,-0.3,0.00,0.9,0.01,-3.7,-0.05,-18.8,-0.75
151,Entry long,2026-01-02 14:37,Long,6875.3,1,6875.3,-0.3,0.00,0.9,0.01,-3.7,-0.05,-18.8,-0.75
152,Exit long,2026-01-02 14:42,Exit Long,6868.1,1,6868.6,-0.5,-0.01,0.7,0.01,-0.5,-0.01,-19.3,-0.77
152,Entry long,2026-01-02 14:42,Long,6868.6,1,6868.6,-0.5,-0.01,0.7,0.01,-0.5,-0.01,-19.3,-0.77
153,Exit short,2026-01-02 14:53,Exit Short,6884.5,1,6885.8,1.3,0.02,2.5,0.04,-1,-0.01,-18,-0.72
153,Entry short,2026-01-02 14:53,Short,6885.8,1,6885.8,1.3,0.02,2.5,0.04,-1,-0.01,-18,-0.72
154,Exit short,2026-01-02 15:02,Exit Short,6889,1,6890.6,1.6,0.02,2.8,0.04,-1.5,-0.02,-16.4,-0.66
154,Entry short,2026-01-02 15:02,Short,6890.6,1,6890.6,1.6,0.02,2.8,0.04,-1.5,-0.02,-16.4,-0.66
155,Exit short,2026-01-02 15:04,Exit Short,6888.3,1,6890.1,1.8,0.03,3,0.04,-0.2,0.00,-14.6,-0.58
155,Entry short,2026-01-02 15:04,Short,6890.1,1,6890.1,1.8,0.03,3,0.04,-0.2,0.00,-14.6,-0.58
156,Exit long,2026-01-02 15:27,Exit Long,6846.6,1,6846.6,0,0.00,1.2,0.02,0,0.00,-14.6,-0.58
156,Entry long,2026-01-02 15:27,Long,6846.6,1,6846.6,0,0.00,1.2,0.02,0,0.00,-14.6,-0.58
157,Exit long,2026-01-02 15:31,Exit Long,6847.1,1,6847.3,-0.2,0.00,1,0.01,-3.5,-0.05,-14.8,-0.59
157,Entry long,2026-01-02 15:30,Long,6847.3,1,6847.3,-0.2,0.00,1,0.01,-3.5,-0.05,-14.8,-0.59
158,Exit long,2026-01-02 15:55,Exit Long,6855.1,1,6849.6,5.5,0.08,6.7,0.10,-2.5,-0.04,-9.3,-0.37
158,Entry long,2026-01-02 15:54,Long,6849.6,1,6849.6,5.5,0.08,6.7,0.10,-2.5,-0.04,-9.3,-0.37
159,Exit long,2026-01-02 16:09,Exit Long,6835.6,1,6832.8,2.8,0.04,4,0.06,-0.2,0.00,-6.5,-0.26
159,Entry long,2026-01-02 16:08,Long,6832.8,1,6832.8,2.8,0.04,4,0.06,-0.2,0.00,-6.5,-0.26
160,Exit long,2026-01-02 16:15,Exit Long,6844.6,1,6833.8,10.8,0.16,12,0.18,-0.2,0.00,4.3,0.17
160,Entry long,2026-01-02 16:13,Long,6833.8,1,6833.8,10.8,0.16,12,0.18,-0.2,0.00,4.3,0.17
161,Exit long,2026-01-02 16:55,Exit Long,6828.4,1,6828.3,0.1,0.00,1.3,0.02,-3.2,-0.05,4.4,0.18
161,Entry long,2026-01-02 16:54,Long,6828.3,1,6828.3,0.1,0.00,1.3,0.02,-3.2,-0.05,4.4,0.18
162,Exit long,2026-01-02 16:57,Exit Long,6830.1,1,6828.6,1.5,0.02,2.7,0.04,-1.8,-0.03,5.9,0.24
162,Entry long,2026-01-02 16:56,Long,6828.6,1,6828.6,1.5,0.02,2.7,0.04,-1.8,-0.03,5.9,0.24
163,Exit short,2026-01-02 17:25,Exit Short,6843.8,1,6843.3,-0.5,-0.01,0.7,0.01,-3.8,-0.06,5.4,0.22
163,Entry short,2026-01-02 17:20,Short,6843.3,1,6843.3,-0.5,-0.01,0.7,0.01,-3.8,-0.06,5.4,0.22
164,Exit short,2026-01-02 17:33,Exit Short,6848,1,6848.3,0.3,0.00,1.5,0.02,0,0.00,5.7,0.23
164,Entry short,2026-01-02 17:33,Short,6848.3,1,6848.3,0.3,0.00,1.5,0.02,0,0.00,5.7,0.23
165,Exit long,2026-01-02 18:00,Exit Long,6835.1,1,6833.6,1.5,0.02,2.7,0.04,-0.5,-0.01,7.2,0.29
165,Entry long,2026-01-02 18:00,Long,6833.6,1,6833.6,1.5,0.02,2.7,0.04,-0.5,-0.01,7.2,0.29
166,Exit long,2026-01-02 18:10,Exit Long,6833.9,1,6832.3,1.6,0.02,2.8,0.04,-0.6,-0.01,8.8,0.35
166,Entry long,2026-01-02 18:10,Long,6832.3,1,6832.3,1.6,0.02,2.8,0.04,-0.6,-0.01,8.8,0.35
167,Exit long,2026-01-02 18:19,Exit Long,6836.1,1,6831.3,4.8,0.07,6,0.09,0,0.00,13.6,0.54
167,Entry long,2026-01-02 18:17,Long,6831.3,1,6831.3,4.8,0.07,6,0.09,0,0.00,13.6,0.54
168,Exit long,2026-01-02 18:39,Exit Long,6834.4,1,6831.6,2.8,0.04,4,0.06,-2,-0.03,16.4,0.66
168,Entry long,2026-01-02 18:35,Long,6831.6,1,6831.6,2.8,0.04,4,0.06,-2,-0.03,16.4,0.66
169,Exit long,2026-01-02 19:01,Exit Long,6829.9,1,6827.1,2.8,0.04,4,0.06,-4.3,-0.06,19.2,0.77
169,Entry long,2026-01-02 18:55,Long,6827.1,1,6827.1,2.8,0.04,4,0.06,-4.3,-0.06,19.2,0.77
170,Exit short,2026-01-02 19:16,Exit Short,6844.5,1,6845.2,0.7,0.01,1.9,0.03,-1.6,-0.02,19.9,0.80
170,Entry short,2026-01-02 19:16,Short,6845.2,1,6845.2,0.7,0.01,1.9,0.03,-1.6,-0.02,19.9,0.80
171,Exit short,2026-01-02 19:27,Exit Short,6851,1,6850.8,-0.2,0.00,1,0.01,-0.4,-0.01,19.7,0.79
171,Entry short,2026-01-02 19:27,Short,6850.8,1,6850.8,-0.2,0.00,1,0.01,-0.4,-0.01,19.7,0.79
172,Exit short,2026-01-02 19:34,Exit Short,6857.3,1,6849.6,-7.7,-0.11,0,0.00,-7.7,-0.11,12,0.48
172,Entry short,2026-01-02 19:29,Short,6849.6,1,6849.6,-7.7,-0.11,0,0.00,-7.7,-0.11,12,0.48
173,Exit short,2026-01-02 19:54,Exit Short,6856,1,6856.2,0.2,0.00,1.4,0.02,-5.6,-0.08,12.2,0.49
173,Entry short,2026-01-02 19:36,Short,6856.2,1,6856.2,0.2,0.00,1.4,0.02,-5.6,-0.08,12.2,0.49
174,Exit long,2026-01-02 20:36,Exit Long,6855.4,1,6856,-0.6,-0.01,0.6,0.01,-0.6,-0.01,11.6,0.46
174,Entry long,2026-01-02 20:36,Long,6856,1,6856,-0.6,-0.01,0.6,0.01,-0.6,-0.01,11.6,0.46
175,Exit long,2026-01-02 20:47,Exit Long,6844.6,1,6852.7,-8.1,-0.12,0.1,0.00,-8.1,-0.12,3.5,0.14
175,Entry long,2026-01-02 20:41,Long,6852.7,1,6852.7,-8.1,-0.12,0.1,0.00,-8.1,-0.12,3.5,0.14
176,Exit long,2026-01-02 20:51,Exit Long,6851.4,1,6846.1,5.3,0.08,6.5,0.09,-1.3,-0.02,8.8,0.35
176,Entry long,2026-01-02 20:50,Long,6846.1,1,6846.1,5.3,0.08,6.5,0.09,-1.3,-0.02,8.8,0.35
177,Exit short,2026-01-02 21:12,Exit Short,6855,1,6856.7,1.7,0.02,2.9,0.04,-0.9,-0.01,10.5,0.42
177,Entry short,2026-01-02 21:09,Short,6856.7,1,6856.7,1.7,0.02,2.9,0.04,-0.9,-0.01,10.5,0.42
178,Exit short,2026-01-02 21:54,Exit Short,6852.3,1,6856.2,3.9,0.06,5.1,0.07,-0.6,-0.01,14.4,0.58
178,Entry short,2026-01-02 21:27,Short,6856.2,1,6856.2,3.9,0.06,5.1,0.07,-0.6,-0.01,14.4,0.58
179,Exit short,2026-01-04 23:08,Exit Short,6857.8,1,6861.8,4,0.06,5.2,0.08,-0.4,-0.01,18.4,0.74
179,Entry short,2026-01-04 23:06,Short,6861.8,1,6861.8,4,0.06,5.2,0.08,-0.4,-0.01,18.4,0.74
180,Exit short,2026-01-04 23:32,Exit Short,6861.9,1,6862.8,0.9,0.01,2.1,0.03,-2.4,-0.03,19.3,0.77
180,Entry short,2026-01-04 23:24,Short,6862.8,1,6862.8,0.9,0.01,2.1,0.03,-2.4,-0.03,19.3,0.77
181,Exit short,2026-01-05 00:04,Exit Short,6864.4,1,6864.6,0.2,0.00,1.4,0.02,-0.5,-0.01,19.5,0.78
181,Entry short,2026-01-05 00:03,Short,6864.6,1,6864.6,0.2,0.00,1.4,0.02,-0.5,-0.01,19.5,0.78
182,Exit short,2026-01-05 00:11,Exit Short,6861.7,1,6864.5,2.8,0.04,4,0.06,-0.7,-0.01,22.3,0.89
182,Entry short,2026-01-05 00:06,Short,6864.5,1,6864.5,2.8,0.04,4,0.06,-0.7,-0.01,22.3,0.89
183,Exit short,2026-01-05 00:23,Exit Short,6864.7,1,6864.7,0,0.00,1.2,0.02,-1.5,-0.02,22.3,0.89
183,Entry short,2026-01-05 00:20,Short,6864.7,1,6864.7,0,0.00,1.2,0.02,-1.5,-0.02,22.3,0.89
184,Exit short,2026-01-05 00:27,Exit Short,6864.9,1,6865.2,0.3,0.00,1.5,0.02,-0.3,0.00,22.6,0.90
184,Entry short,2026-01-05 00:25,Short,6865.2,1,6865.2,0.3,0.00,1.5,0.02,-0.3,0.00,22.6,0.90
185,Exit short,2026-01-05 01:06,Exit Short,6863.3,1,6864.4,1.1,0.02,2.3,0.03,-0.1,0.00,23.7,0.95
185,Entry short,2026-01-05 01:04,Short,6864.4,1,6864.4,1.1,0.02,2.3,0.03,-0.1,0.00,23.7,0.95
186,Exit short,2026-01-05 01:47,Exit Short,6866.4,1,6867.2,0.8,0.01,2,0.03,0,0.00,24.5,0.98
186,Entry short,2026-01-05 01:41,Short,6867.2,1,6867.2,0.8,0.01,2,0.03,0,0.00,24.5,0.98
187,Exit short,2026-01-05 02:15,Exit Short,6867.4,1,6867.5,0.1,0.00,1.3,0.02,-1,-0.01,24.6,0.98
187,Entry short,2026-01-05 02:06,Short,6867.5,1,6867.5,0.1,0.00,1.3,0.02,-1,-0.01,24.6,0.98
188,Exit long,2026-01-05 02:52,Exit Long,6867.3,1,6865.5,1.8,0.03,3,0.04,0,0.00,26.4,1.06
188,Entry long,2026-01-05 02:43,Long,6865.5,1,6865.5,1.8,0.03,3,0.04,0,0.00,26.4,1.06
189,Exit short,2026-01-05 03:01,Exit Short,6867.4,1,6867.5,0.1,0.00,1.3,0.02,-0.7,-0.01,26.5,1.06
189,Entry short,2026-01-05 02:56,Short,6867.5,1,6867.5,0.1,0.00,1.3,0.02,-0.7,-0.01,26.5,1.06
190,Exit long,2026-01-05 03:51,Exit Long,6864,1,6864.3,-0.3,0.00,0.9,0.01,-0.6,-0.01,26.2,1.05
190,Entry long,2026-01-05 03:46,Long,6864.3,1,6864.3,-0.3,0.00,0.9,0.01,-0.6,-0.01,26.2,1.05
191,Exit long,2026-01-05 04:21,Exit Long,6863.8,1,6863.7,0.1,0.00,1.3,0.02,-1.2,-0.02,26.3,1.05
191,Entry long,2026-01-05 03:55,Long,6863.7,1,6863.7,0.1,0.00,1.3,0.02,-1.2,-0.02,26.3,1.05
192,Exit long,2026-01-05 04:49,Exit Long,6866.7,1,6863.2,3.5,0.05,4.8,0.07,-0.2,0.00,29.8,1.19
192,Entry long,2026-01-05 04:29,Long,6863.2,1,6863.2,3.5,0.05,4.8,0.07,-0.2,0.00,29.8,1.19
193,Exit short,2026-01-05 05:02,Exit Short,6867.7,1,6867.4,-0.3,0.00,0.9,0.01,-1.1,-0.02,29.5,1.18
193,Entry short,2026-01-05 04:53,Short,6867.4,1,6867.4,-0.3,0.00,0.9,0.01,-1.1,-0.02,29.5,1.18
194,Exit short,2026-01-05 06:30,Exit Short,6864.7,1,6868,3.3,0.05,4.5,0.07,-1.5,-0.02,32.8,1.31
194,Entry short,2026-01-05 05:57,Short,6868,1,6868,3.3,0.05,4.5,0.07,-1.5,-0.02,32.8,1.31
195,Exit long,2026-01-05 06:53,Exit Long,6869,1,6863.4,5.6,0.08,6.8,0.10,-0.4,-0.01,38.4,1.54
195,Entry long,2026-01-05 06:34,Long,6863.4,1,6863.4,5.6,0.08,6.8,0.10,-0.4,-0.01,38.4,1.54
196,Exit short,2026-01-05 07:03,Exit Short,6870.7,1,6870.5,-0.2,0.00,1,0.01,-0.2,0.00,38.2,1.53
196,Entry short,2026-01-05 07:01,Short,6870.5,1,6870.5,-0.2,0.00,1,0.01,-0.2,0.00,38.2,1.53
197,Exit short,2026-01-05 07:14,Exit Short,6868.7,1,6870.2,1.5,0.02,2.7,0.04,-0.5,-0.01,39.7,1.59
197,Entry short,2026-01-05 07:08,Short,6870.2,1,6870.2,1.5,0.02,2.7,0.04,-0.5,-0.01,39.7,1.59
198,Exit long,2026-01-05 07:32,Exit Long,6865.9,1,6864.5,1.4,0.02,2.6,0.04,-1.8,-0.03,41.1,1.64
198,Entry long,2026-01-05 07:27,Long,6864.5,1,6864.5,1.4,0.02,2.6,0.04,-1.8,-0.03,41.1,1.64
199,Exit long,2026-01-05 07:43,Exit Long,6863,1,6863.4,-0.4,-0.01,0.8,0.01,-0.7,-0.01,40.7,1.63
199,Entry long,2026-01-05 07:40,Long,6863.4,1,6863.4,-0.4,-0.01,0.8,0.01,-0.7,-0.01,40.7,1.63
200,Exit long,2026-01-05 07:57,Exit Long,6865.5,1,6863.2,2.3,0.03,3.5,0.05,-1.2,-0.02,43,1.72
200,Entry long,2026-01-05 07:45,Long,6863.2,1,6863.2,2.3,0.03,3.5,0.05,-1.2,-0.02,43,1.72
201,Exit short,2026-01-05 08:26,Exit Short,6873.4,1,6875,1.6,0.02,2.8,0.04,0,0.00,44.6,1.78
201,Entry short,2026-01-05 08:25,Short,6875,1,6875,1.6,0.02,2.8,0.04,0,0.00,44.6,1.78
202,Exit long,2026-01-05 09:32,Exit Long,6868.8,1,6869.1,-0.3,0.00,0.9,0.01,-1.6,-0.02,44.3,1.77
202,Entry long,2026-01-05 09:28,Long,6869.1,1,6869.1,-0.3,0.00,0.9,0.01,-1.6,-0.02,44.3,1.77
203,Exit short,2026-01-05 10:34,Exit Short,6874.9,1,6874.5,-0.4,-0.01,0.8,0.01,-3.2,-0.05,43.9,1.76
203,Entry short,2026-01-05 10:15,Short,6874.5,1,6874.5,-0.4,-0.01,0.8,0.01,-3.2,-0.05,43.9,1.76
204,Exit short,2026-01-05 11:10,Exit Short,6875.4,1,6877,1.6,0.02,2.8,0.04,-0.1,0.00,45.5,1.82
204,Entry short,2026-01-05 11:08,Short,6877,1,6877,1.6,0.02,2.8,0.04,-0.1,0.00,45.5,1.82
205,Exit short,2026-01-05 11:31,Exit Short,6876.2,1,6877.5,1.3,0.02,2.5,0.04,-1,-0.01,46.8,1.87
205,Entry short,2026-01-05 11:25,Short,6877.5,1,6877.5,1.3,0.02,2.5,0.04,-1,-0.01,46.8,1.87
206,Exit short,2026-01-05 11:45,Exit Short,6877.4,1,6877.7,0.3,0.00,1.5,0.02,-0.8,-0.01,47.1,1.88
206,Entry short,2026-01-05 11:40,Short,6877.7,1,6877.7,0.3,0.00,1.5,0.02,-0.8,-0.01,47.1,1.88
207,Exit short,2026-01-05 12:05,Exit Short,6876.9,1,6877.9,1,0.01,2.2,0.03,-3.6,-0.05,48.1,1.92
207,Entry short,2026-01-05 11:54,Short,6877.9,1,6877.9,1,0.01,2.2,0.03,-3.6,-0.05,48.1,1.92
208,Exit short,2026-01-05 12:32,Exit Short,6876.2,1,6880.1,3.9,0.06,5.1,0.07,-0.4,-0.01,52,2.08
208,Entry short,2026-01-05 12:22,Short,6880.1,1,6880.1,3.9,0.06,5.1,0.07,-0.4,-0.01,52,2.08
209,Exit long,2026-01-05 12:40,Exit Long,6878.3,1,6876.7,1.6,0.02,2.8,0.04,0,0.00,53.6,2.14
209,Entry long,2026-01-05 12:33,Long,6876.7,1,6876.7,1.6,0.02,2.8,0.04,0,0.00,53.6,2.14
210,Exit long,2026-01-05 12:50,Exit Long,6875.8,1,6875.2,0.6,0.01,1.8,0.03,-0.2,0.00,54.2,2.17
210,Entry long,2026-01-05 12:47,Long,6875.2,1,6875.2,0.6,0.01,1.8,0.03,-0.2,0.00,54.2,2.17
211,Exit long,2026-01-05 13:13,Exit Long,6876.5,1,6874.7,1.8,0.03,3,0.04,0,0.00,56,2.24
211,Entry long,2026-01-05 13:11,Long,6874.7,1,6874.7,1.8,0.03,3,0.04,0,0.00,56,2.24
212,Exit long,2026-01-05 13:33,Exit Long,6872.8,1,6871,1.8,0.03,3,0.04,-1.3,-0.02,57.8,2.31
212,Entry long,2026-01-05 13:27,Long,6871,1,6871,1.8,0.03,3,0.04,-1.3,-0.02,57.8,2.31
213,Exit short,2026-01-05 14:04,Exit Short,6885.5,1,6877.7,-7.8,-0.11,0.2,0.00,-7.8,-0.11,50,2.00
213,Entry short,2026-01-05 13:56,Short,6877.7,1,6877.7,-7.8,-0.11,0.2,0.00,-7.8,-0.11,50,2.00
214,Exit short,2026-01-05 14:10,Exit Short,6882.8,1,6884.2,1.4,0.02,2.6,0.04,-0.5,-0.01,51.4,2.06
214,Entry short,2026-01-05 14:06,Short,6884.2,1,6884.2,1.4,0.02,2.6,0.04,-0.5,-0.01,51.4,2.06
215,Exit short,2026-01-05 14:17,Exit Short,6885.9,1,6885.7,-0.2,0.00,1,0.01,-0.3,0.00,51.2,2.05
215,Entry short,2026-01-05 14:14,Short,6885.7,1,6885.7,-0.2,0.00,1,0.01,-0.3,0.00,51.2,2.05
216,Exit short,2026-01-05 14:24,Exit Short,6887.2,1,6887.5,0.3,0.00,1.5,0.02,-0.2,0.00,51.5,2.06
216,Entry short,2026-01-05 14:22,Short,6887.5,1,6887.5,0.3,0.00,1.5,0.02,-0.2,0.00,51.5,2.06
217,Exit short,2026-01-05 14:27,Exit Short,6887.4,1,6888,0.6,0.01,1.8,0.03,-0.2,0.00,52.1,2.08
217,Entry short,2026-01-05 14:27,Short,6888,1,6888,0.6,0.01,1.8,0.03,-0.2,0.00,52.1,2.08
218,Exit short,2026-01-05 14:33,Exit Short,6895.4,1,6895.5,0.1,0.00,1.3,0.02,0,0.00,52.2,2.09
218,Entry short,2026-01-05 14:33,Short,6895.5,1,6895.5,0.1,0.00,1.3,0.02,0,0.00,52.2,2.09
219,Exit short,2026-01-05 14:48,Exit Short,6897.8,1,6900.8,3,0.04,4.3,0.06,-1.6,-0.02,55.2,2.21
219,Entry short,2026-01-05 14:47,Short,6900.8,1,6900.8,3,0.04,4.3,0.06,-1.6,-0.02,55.2,2.21
220,Exit short,2026-01-05 15:07,Exit Short,6898,1,6897.5,-0.5,-0.01,0.7,0.01,-0.5,-0.01,54.7,2.19
220,Entry short,2026-01-05 15:07,Short,6897.5,1,6897.5,-0.5,-0.01,0.7,0.01,-0.5,-0.01,54.7,2.19
221,Exit short,2026-01-05 15:12,Exit Short,6898.5,1,6898.5,0,0.00,1.2,0.02,-1.8,-0.03,54.7,2.19
221,Entry short,2026-01-05 15:11,Short,6898.5,1,6898.5,0,0.00,1.2,0.02,-1.8,-0.03,54.7,2.19
222,Exit short,2026-01-05 15:25,Exit Short,6903.2,1,6902.8,-0.4,-0.01,0.8,0.01,-3.2,-0.05,54.3,2.17
222,Entry short,2026-01-05 15:23,Short,6902.8,1,6902.8,-0.4,-0.01,0.8,0.01,-3.2,-0.05,54.3,2.17
223,Exit short,2026-01-05 15:27,Exit Short,6904,1,6904,0,0.00,1.2,0.02,-1,-0.01,54.3,2.17
223,Entry short,2026-01-05 15:26,Short,6904,1,6904,0,0.00,1.2,0.02,-1,-0.01,54.3,2.17
224,Exit short,2026-01-05 15:36,Exit Short,6909.5,1,6909,-0.5,-0.01,0.7,0.01,-4,-0.06,53.8,2.15
224,Entry short,2026-01-05 15:31,Short,6909,1,6909,-0.5,-0.01,0.7,0.01,-4,-0.06,53.8,2.15
225,Exit short,2026-01-05 16:01,Exit Short,6906.2,1,6907.8,1.6,0.02,2.8,0.04,-1,-0.01,55.4,2.22
225,Entry short,2026-01-05 15:58,Short,6907.8,1,6907.8,1.6,0.02,2.8,0.04,-1,-0.01,55.4,2.22
226,Exit short,2026-01-05 16:27,Exit Short,6911.5,1,6912.3,0.8,0.01,2,0.03,0,0.00,56.2,2.25
226,Entry short,2026-01-05 16:26,Short,6912.3,1,6912.3,0.8,0.01,2,0.03,0,0.00,56.2,2.25
227,Exit short,2026-01-05 16:42,Exit Short,6912.5,1,6912.8,0.3,0.00,1.5,0.02,0,0.00,56.5,2.26
227,Entry short,2026-01-05 16:41,Short,6912.8,1,6912.8,0.3,0.00,1.5,0.02,0,0.00,56.5,2.26
228,Exit short,2026-01-05 16:56,Exit Short,6915.7,1,6915.5,-0.2,0.00,1,0.01,-1.3,-0.02,56.3,2.25
228,Entry short,2026-01-05 16:53,Short,6915.5,1,6915.5,-0.2,0.00,1,0.01,-1.3,-0.02,56.3,2.25
229,Exit long,2026-01-05 17:25,Exit Long,6909.1,1,6909.5,-0.4,-0.01,0.8,0.01,-0.4,-0.01,55.9,2.24
229,Entry long,2026-01-05 17:25,Long,6909.5,1,6909.5,-0.4,-0.01,0.8,0.01,-0.4,-0.01,55.9,2.24
230,Exit long,2026-01-05 17:31,Exit Long,6908.8,1,6908.3,0.5,0.01,1.7,0.02,-0.5,-0.01,56.4,2.26
230,Entry long,2026-01-05 17:30,Long,6908.3,1,6908.3,0.5,0.01,1.7,0.02,-0.5,-0.01,56.4,2.26
231,Exit long,2026-01-05 17:36,Exit Long,6909.1,1,6908.3,0.8,0.01,2,0.03,-1.5,-0.02,57.2,2.29
231,Entry long,2026-01-05 17:33,Long,6908.3,1,6908.3,0.8,0.01,2,0.03,-1.5,-0.02,57.2,2.29
232,Exit long,2026-01-05 18:00,Exit Long,6909.8,1,6910,-0.2,0.00,1,0.01,-2.2,-0.03,57,2.28
232,Entry long,2026-01-05 17:53,Long,6910,1,6910,-0.2,0.00,1,0.01,-2.2,-0.03,57,2.28
233,Exit long,2026-01-05 18:22,Exit Long,6904.3,1,6904.5,-0.2,0.00,1,0.01,-2,-0.03,56.8,2.27
233,Entry long,2026-01-05 18:20,Long,6904.5,1,6904.5,-0.2,0.00,1,0.01,-2,-0.03,56.8,2.27
234,Exit short,2026-01-05 18:51,Exit Short,6910.8,1,6911.5,0.7,0.01,2,0.03,0,0.00,57.5,2.30
234,Entry short,2026-01-05 18:48,Short,6911.5,1,6911.5,0.7,0.01,2,0.03,0,0.00,57.5,2.30
235,Exit long,2026-01-05 19:27,Exit Long,6907.1,1,6907.1,0,0.00,1.2,0.02,0,0.00,57.5,2.30
235,Entry long,2026-01-05 19:26,Long,6907.1,1,6907.1,0,0.00,1.2,0.02,0,0.00,57.5,2.30
236,Exit long,2026-01-05 19:31,Exit Long,6906.3,1,6906.3,0,0.00,1.2,0.02,0,0.00,57.5,2.30
236,Entry long,2026-01-05 19:30,Long,6906.3,1,6906.3,0,0.00,1.2,0.02,0,0.00,57.5,2.30
237,Exit long,2026-01-05 19:42,Exit Long,6899.3,1,6907,-7.7,-0.11,0.3,0.00,-7.7,-0.11,49.8,1.99
237,Entry long,2026-01-05 19:33,Long,6907,1,6907,-7.7,-0.11,0.3,0.00,-7.7,-0.11,49.8,1.99
238,Exit long,2026-01-05 19:46,Exit Long,6902.3,1,6900,2.3,0.03,3.5,0.05,-0.2,0.00,52.1,2.08
238,Entry long,2026-01-05 19:44,Long,6900,1,6900,2.3,0.03,3.5,0.05,-0.2,0.00,52.1,2.08
239,Exit long,2026-01-05 20:58,Exit Long,6898.6,1,6897.5,1.1,0.02,2.3,0.03,-0.2,0.00,53.2,2.13
239,Entry long,2026-01-05 20:57,Long,6897.5,1,6897.5,1.1,0.02,2.3,0.03,-0.2,0.00,53.2,2.13
240,Exit short,2026-01-05 23:19,Exit Short,6901.5,1,6901.3,-0.2,0.00,1,0.01,-2.5,-0.04,53,2.12
240,Entry short,2026-01-05 23:02,Short,6901.3,1,6901.3,-0.2,0.00,1,0.01,-2.5,-0.04,53,2.12
241,Exit long,2026-01-06 00:02,Exit Long,6899.4,1,6899.2,0.2,0.00,1.4,0.02,-1.6,-0.02,53.2,2.13
241,Entry long,2026-01-05 23:36,Long,6899.2,1,6899.2,0.2,0.00,1.4,0.02,-1.6,-0.02,53.2,2.13
242,Exit long,2026-01-06 00:32,Exit Long,6898.6,1,6898.7,-0.1,0.00,1.1,0.02,-2.1,-0.03,53.1,2.12
242,Entry long,2026-01-06 00:09,Long,6898.7,1,6898.7,-0.1,0.00,1.1,0.02,-2.1,-0.03,53.1,2.12
243,Exit long,2026-01-06 01:00,Exit Long,6896.9,1,6896.8,0.1,0.00,1.3,0.02,-0.2,0.00,53.2,2.13
243,Entry long,2026-01-06 00:44,Long,6896.8,1,6896.8,0.1,0.00,1.3,0.02,-0.2,0.00,53.2,2.13
244,Exit short,2026-01-06 01:12,Exit Short,6899.1,1,6898.8,-0.3,0.00,1,0.01,-0.3,0.00,52.9,2.12
244,Entry short,2026-01-06 01:08,Short,6898.8,1,6898.8,-0.3,0.00,1,0.01,-0.3,0.00,52.9,2.12
245,Exit short,2026-01-06 01:17,Exit Short,6899.5,1,6899.1,-0.4,-0.01,0.8,0.01,-0.4,-0.01,52.5,2.10
245,Entry short,2026-01-06 01:15,Short,6899.1,1,6899.1,-0.4,-0.01,0.8,0.01,-0.4,-0.01,52.5,2.10
246,Exit short,2026-01-06 04:10,Exit Short,6909.6,1,6901.3,-8.3,-0.12,0,0.00,-8.3,-0.12,44.2,1.77
246,Entry short,2026-01-06 01:23,Short,6901.3,1,6901.3,-8.3,-0.12,0,0.00,-8.3,-0.12,44.2,1.77
247,Exit short,2026-01-06 04:37,Exit Short,6910,1,6909.4,-0.6,-0.01,0.6,0.01,-1.4,-0.02,43.6,1.74
247,Entry short,2026-01-06 04:16,Short,6909.4,1,6909.4,-0.6,-0.01,0.6,0.01,-1.4,-0.02,43.6,1.74
248,Exit short,2026-01-06 05:12,Exit Short,6910.6,1,6910.3,-0.3,0.00,1,0.01,-0.3,0.00,43.3,1.73
248,Entry short,2026-01-06 05:02,Short,6910.3,1,6910.3,-0.3,0.00,1,0.01,-0.3,0.00,43.3,1.73
249,Exit short,2026-01-06 06:04,Exit Short,6910.1,1,6910.7,0.6,0.01,1.9,0.03,-0.4,-0.01,43.9,1.76
249,Entry short,2026-01-06 05:17,Short,6910.7,1,6910.7,0.6,0.01,1.9,0.03,-0.4,-0.01,43.9,1.76
250,Exit short,2026-01-06 07:30,Exit Short,6910.8,1,6910.8,0,0.00,1.2,0.02,-4.3,-0.06,43.9,1.76
250,Entry short,2026-01-06 06:09,Short,6910.8,1,6910.8,0,0.00,1.2,0.02,-4.3,-0.06,43.9,1.76
251,Exit long,2026-01-06 08:10,Exit Long,6901.9,1,6909.7,-7.8,-0.11,0.2,0.00,-7.8,-0.11,36.1,1.44
251,Entry long,2026-01-06 07:40,Long,6909.7,1,6909.7,-7.8,-0.11,0.2,0.00,-7.8,-0.11,36.1,1.44
252,Exit long,2026-01-06 08:22,Exit Long,6894.4,1,6902.6,-8.2,-0.12,0,0.00,-8.2,-0.12,27.9,1.12
252,Entry long,2026-01-06 08:12,Long,6902.6,1,6902.6,-8.2,-0.12,0,0.00,-8.2,-0.12,27.9,1.12
253,Exit long,2026-01-06 08:59,Exit Long,6893.2,1,6892.7,0.5,0.01,1.7,0.02,-5.3,-0.08,28.4,1.14
253,Entry long,2026-01-06 08:29,Long,6892.7,1,6892.7,0.5,0.01,1.7,0.02,-5.3,-0.08,28.4,1.14
254,Exit short,2026-01-06 09:19,Exit Short,6895.1,1,6895.9,0.8,0.01,2,0.03,-0.2,0.00,29.2,1.17
254,Entry short,2026-01-06 09:18,Short,6895.9,1,6895.9,0.8,0.01,2,0.03,-0.2,0.00,29.2,1.17
255,Exit short,2026-01-06 09:48,Exit Short,6895.8,1,6895.6,-0.2,0.00,1,0.01,-0.3,0.00,29,1.16
255,Entry short,2026-01-06 09:46,Short,6895.6,1,6895.6,-0.2,0.00,1,0.01,-0.3,0.00,29,1.16
256,Exit short,2026-01-06 11:02,Exit Short,6897.6,1,6897.1,-0.5,-0.01,0.7,0.01,-0.5,-0.01,28.5,1.14
256,Entry short,2026-01-06 10:57,Short,6897.1,1,6897.1,-0.5,-0.01,0.7,0.01,-0.5,-0.01,28.5,1.14
257,Exit short,2026-01-06 11:09,Exit Short,6898.1,1,6897.9,-0.2,0.00,1,0.01,-0.2,0.00,28.3,1.13
257,Entry short,2026-01-06 11:04,Short,6897.9,1,6897.9,-0.2,0.00,1,0.01,-0.2,0.00,28.3,1.13
258,Exit short,2026-01-06 11:19,Exit Short,6897.7,1,6898.6,0.9,0.01,2.1,0.03,0,0.00,29.2,1.17
258,Entry short,2026-01-06 11:11,Short,6898.6,1,6898.6,0.9,0.01,2.1,0.03,0,0.00,29.2,1.17
259,Exit long,2026-01-06 11:58,Exit Long,6897.4,1,6896.6,0.8,0.01,2,0.03,-1.2,-0.02,30,1.20
259,Entry long,2026-01-06 11:38,Long,6896.6,1,6896.6,0.8,0.01,2,0.03,-1.2,-0.02,30,1.20
260,Exit long,2026-01-06 12:04,Exit Long,6896.1,1,6896.6,-0.5,-0.01,0.8,0.01,-0.5,-0.01,29.5,1.18
260,Entry long,2026-01-06 12:02,Long,6896.6,1,6896.6,-0.5,-0.01,0.8,0.01,-0.5,-0.01,29.5,1.18
261,Exit short,2026-01-06 13:50,Exit Short,6896.3,1,6898.9,2.6,0.04,3.8,0.06,-6.5,-0.09,32.1,1.28
261,Entry short,2026-01-06 12:20,Short,6898.9,1,6898.9,2.6,0.04,3.8,0.06,-6.5,-0.09,32.1,1.28
262,Exit long,2026-01-06 13:59,Exit Long,6900.2,1,6898.4,1.8,0.03,3,0.04,-1,-0.01,33.9,1.36
262,Entry long,2026-01-06 13:51,Long,6898.4,1,6898.4,1.8,0.03,3,0.04,-1,-0.01,33.9,1.36
263,Exit short,2026-01-06 15:00,Exit Short,6926.9,1,6919.1,-7.8,-0.11,0.2,0.00,-7.8,-0.11,26.1,1.04
263,Entry short,2026-01-06 14:53,Short,6919.1,1,6919.1,-7.8,-0.11,0.2,0.00,-7.8,-0.11,26.1,1.04
264,Exit short,2026-01-06 15:05,Exit Short,6926.3,1,6926.1,-0.2,0.00,1,0.01,-2.3,-0.03,25.9,1.04
264,Entry short,2026-01-06 15:02,Short,6926.1,1,6926.1,-0.2,0.00,1,0.01,-2.3,-0.03,25.9,1.04
265,Exit short,2026-01-06 15:09,Exit Short,6926.8,1,6929.4,2.6,0.04,3.8,0.05,-0.2,0.00,28.5,1.14
265,Entry short,2026-01-06 15:08,Short,6929.4,1,6929.4,2.6,0.04,3.8,0.05,-0.2,0.00,28.5,1.14
266,Exit short,2026-01-06 15:19,Exit Short,6928.6,1,6929.1,0.5,0.01,1.7,0.02,-0.8,-0.01,29,1.16
266,Entry short,2026-01-06 15:19,Short,6929.1,1,6929.1,0.5,0.01,1.7,0.02,-0.8,-0.01,29,1.16
267,Exit short,2026-01-06 15:29,Exit Short,6930.8,1,6930.6,-0.2,0.00,1,0.01,-2.8,-0.04,28.8,1.15
267,Entry short,2026-01-06 15:25,Short,6930.6,1,6930.6,-0.2,0.00,1,0.01,-2.8,-0.04,28.8,1.15
268,Exit long,2026-01-06 15:57,Exit Long,6914.4,1,6913.6,0.8,0.01,2,0.03,0,0.00,29.6,1.18
268,Entry long,2026-01-06 15:57,Long,6913.6,1,6913.6,0.8,0.01,2,0.03,0,0.00,29.6,1.18
269,Exit long,2026-01-06 16:10,Exit Long,6912.2,1,6912.6,-0.4,-0.01,0.8,0.01,-5.7,-0.08,29.2,1.17
269,Entry long,2026-01-06 16:03,Long,6912.6,1,6912.6,-0.4,-0.01,0.8,0.01,-5.7,-0.08,29.2,1.17
270,Exit short,2026-01-06 16:56,Exit Short,6914.8,1,6917.2,2.4,0.03,3.6,0.05,0,0.00,31.6,1.26
270,Entry short,2026-01-06 16:55,Short,6917.2,1,6917.2,2.4,0.03,3.6,0.05,0,0.00,31.6,1.26
271,Exit short,2026-01-06 17:03,Exit Short,6916.6,1,6916.9,0.3,0.00,1.5,0.02,-0.5,-0.01,31.9,1.28
271,Entry short,2026-01-06 17:01,Short,6916.9,1,6916.9,0.3,0.00,1.5,0.02,-0.5,-0.01,31.9,1.28
272,Exit short,2026-01-06 17:31,Exit Short,6930.4,1,6922.6,-7.8,-0.11,0,0.00,-7.8,-0.11,24.1,0.96
272,Entry short,2026-01-06 17:15,Short,6922.6,1,6922.6,-7.8,-0.11,0,0.00,-7.8,-0.11,24.1,0.96
273,Exit short,2026-01-06 17:41,Exit Short,6931.8,1,6932.6,0.8,0.01,2,0.03,0,0.00,24.9,1.00
273,Entry short,2026-01-06 17:40,Short,6932.6,1,6932.6,0.8,0.01,2,0.03,0,0.00,24.9,1.00
274,Exit short,2026-01-06 18:03,Exit Short,6932.6,1,6932.6,0,0.00,1.2,0.02,-2,-0.03,24.9,1.00
274,Entry short,2026-01-06 17:56,Short,6932.6,1,6932.6,0,0.00,1.2,0.02,-2,-0.03,24.9,1.00
275,Exit short,2026-01-06 18:23,Exit Short,6934.8,1,6935.6,0.8,0.01,2,0.03,-0.3,0.00,25.7,1.03
275,Entry short,2026-01-06 18:20,Short,6935.6,1,6935.6,0.8,0.01,2,0.03,-0.3,0.00,25.7,1.03
276,Exit short,2026-01-06 19:04,Exit Short,6942.3,1,6942.6,0.3,0.00,1.5,0.02,-0.5,-0.01,26,1.04
276,Entry short,2026-01-06 19:01,Short,6942.6,1,6942.6,0.3,0.00,1.5,0.02,-0.5,-0.01,26,1.04
277,Exit short,2026-01-06 19:20,Exit Short,6945.1,1,6944.6,-0.5,-0.01,0.7,0.01,-0.5,-0.01,25.5,1.02
277,Entry short,2026-01-06 19:17,Short,6944.6,1,6944.6,-0.5,-0.01,0.7,0.01,-0.5,-0.01,25.5,1.02
278,Exit short,2026-01-06 19:32,Exit Short,6944.8,1,6945.1,0.3,0.00,1.5,0.02,-0.5,-0.01,25.8,1.03
278,Entry short,2026-01-06 19:24,Short,6945.1,1,6945.1,0.3,0.00,1.5,0.02,-0.5,-0.01,25.8,1.03
279,Exit short,2026-01-06 20:00,Exit Short,6943.8,1,6945.6,1.8,0.03,3,0.04,-0.3,0.00,27.6,1.10
279,Entry short,2026-01-06 19:43,Short,6945.6,1,6945.6,1.8,0.03,3,0.04,-0.3,0.00,27.6,1.10
280,Exit short,2026-01-06 20:11,Exit Short,6944.8,1,6945.9,1.1,0.02,2.3,0.03,-0.2,0.00,28.7,1.15
280,Entry short,2026-01-06 20:05,Short,6945.9,1,6945.9,1.1,0.02,2.3,0.03,-0.2,0.00,28.7,1.15
281,Exit short,2026-01-06 20:48,Exit Short,6945.8,1,6946.1,0.3,0.00,1.5,0.02,-0.8,-0.01,29,1.16
281,Entry short,2026-01-06 20:41,Short,6946.1,1,6946.1,0.3,0.00,1.5,0.02,-0.8,-0.01,29,1.16
282,Exit long,2026-01-06 21:22,Exit Long,6943.1,1,6943.6,-0.5,-0.01,0.7,0.01,-0.8,-0.01,28.5,1.14
282,Entry long,2026-01-06 21:01,Long,6943.6,1,6943.6,-0.5,-0.01,0.7,0.01,-0.8,-0.01,28.5,1.14
283,Exit long,2026-01-06 23:02,Exit Long,6947.4,1,6943.3,4.1,0.06,5.3,0.08,-0.7,-0.01,32.6,1.30
283,Entry long,2026-01-06 21:28,Long,6943.3,1,6943.3,4.1,0.06,5.3,0.08,-0.7,-0.01,32.6,1.30
284,Exit short,2026-01-06 23:09,Exit Short,6946.6,1,6947.4,0.8,0.01,2,0.03,0,0.00,33.4,1.34
284,Entry short,2026-01-06 23:04,Short,6947.4,1,6947.4,0.8,0.01,2,0.03,0,0.00,33.4,1.34
285,Exit long,2026-01-06 23:49,Exit Long,6944.2,1,6944.1,0.1,0.00,1.3,0.02,-0.2,0.00,33.5,1.34
285,Entry long,2026-01-06 23:46,Long,6944.1,1,6944.1,0.1,0.00,1.3,0.02,-0.2,0.00,33.5,1.34
286,Exit long,2026-01-07 00:07,Exit Long,6945.9,1,6945.3,0.6,0.01,1.8,0.03,-0.4,-0.01,34.1,1.36
286,Entry long,2026-01-07 00:02,Long,6945.3,1,6945.3,0.6,0.01,1.8,0.03,-0.4,-0.01,34.1,1.36
287,Exit short,2026-01-07 00:31,Exit Short,6945.6,1,6945.9,0.3,0.00,1.5,0.02,-0.2,0.00,34.4,1.38
287,Entry short,2026-01-07 00:30,Short,6945.9,1,6945.9,0.3,0.00,1.5,0.02,-0.2,0.00,34.4,1.38
288,Exit long,2026-01-07 00:48,Exit Long,6945.2,1,6944.4,0.8,0.01,2,0.03,0,0.00,35.2,1.41
288,Entry long,2026-01-07 00:45,Long,6944.4,1,6944.4,0.8,0.01,2,0.03,0,0.00,35.2,1.41
289,Exit long,2026-01-07 01:27,Exit Long,6944.2,1,6944,0.2,0.00,1.4,0.02,-0.4,-0.01,35.4,1.42
289,Entry long,2026-01-07 01:22,Long,6944,1,6944,0.2,0.00,1.4,0.02,-0.4,-0.01,35.4,1.42
290,Exit short,2026-01-07 02:17,Exit Short,6945.6,1,6947.4,1.8,0.03,3,0.04,0,0.00,37.2,1.49
290,Entry short,2026-01-07 02:06,Short,6947.4,1,6947.4,1.8,0.03,3,0.04,0,0.00,37.2,1.49
291,Exit long,2026-01-07 02:49,Exit Long,6944.6,1,6944,0.6,0.01,1.9,0.03,0,0.00,37.8,1.51
291,Entry long,2026-01-07 02:34,Long,6944,1,6944,0.6,0.01,1.9,0.03,0,0.00,37.8,1.51
292,Exit long,2026-01-07 03:21,Exit Long,6944.9,1,6944.1,0.8,0.01,2,0.03,-0.5,-0.01,38.6,1.54
292,Entry long,2026-01-07 02:55,Long,6944.1,1,6944.1,0.8,0.01,2,0.03,-0.5,-0.01,38.6,1.54
293,Exit short,2026-01-07 03:46,Exit Short,6945.1,1,6945.9,0.8,0.01,2,0.03,0,0.00,39.4,1.58
293,Entry short,2026-01-07 03:27,Short,6945.9,1,6945.9,0.8,0.01,2,0.03,0,0.00,39.4,1.58
294,Exit long,2026-01-07 05:40,Exit Long,6942.7,1,6942.9,-0.2,0.00,1,0.01,-2.5,-0.04,39.2,1.57
294,Entry long,2026-01-07 04:04,Long,6942.9,1,6942.9,-0.2,0.00,1,0.01,-2.5,-0.04,39.2,1.57
295,Exit long,2026-01-07 06:19,Exit Long,6942.9,1,6941,1.9,0.03,3.1,0.04,-0.1,0.00,41.1,1.64
295,Entry long,2026-01-07 05:57,Long,6941,1,6941,1.9,0.03,3.1,0.04,-0.1,0.00,41.1,1.64
296,Exit long,2026-01-07 06:53,Exit Long,6938.7,1,6939.3,-0.6,-0.01,0.6,0.01,-0.6,-0.01,40.5,1.62
296,Entry long,2026-01-07 06:49,Long,6939.3,1,6939.3,-0.6,-0.01,0.6,0.01,-0.6,-0.01,40.5,1.62
297,Exit long,2026-01-07 07:06,Exit Long,6938.9,1,6938.5,0.4,0.01,1.6,0.02,-0.6,-0.01,40.9,1.64
297,Entry long,2026-01-07 06:59,Long,6938.5,1,6938.5,0.4,0.01,1.6,0.02,-0.6,-0.01,40.9,1.64
298,Exit long,2026-01-07 08:23,Exit Long,6940.7,1,6938.3,2.4,0.03,3.6,0.05,-1.1,-0.02,43.3,1.73
298,Entry long,2026-01-07 07:56,Long,6938.3,1,6938.3,2.4,0.03,3.6,0.05,-1.1,-0.02,43.3,1.73
299,Exit short,2026-01-07 08:53,Exit Short,6937.4,1,6941,3.6,0.05,4.8,0.07,-0.2,0.00,46.9,1.88
299,Entry short,2026-01-07 08:24,Short,6941,1,6941,3.6,0.05,4.8,0.07,-0.2,0.00,46.9,1.88
300,Exit long,2026-01-07 09:05,Exit Long,6935.5,1,6935.9,-0.4,-0.01,0.8,0.01,-1.2,-0.02,46.5,1.86
300,Entry long,2026-01-07 09:02,Long,6935.9,1,6935.9,-0.4,-0.01,0.8,0.01,-1.2,-0.02,46.5,1.86
301,Exit long,2026-01-07 09:15,Exit Long,6935,1,6934.7,0.3,0.00,1.5,0.02,-0.8,-0.01,46.8,1.87
301,Entry long,2026-01-07 09:08,Long,6934.7,1,6934.7,0.3,0.00,1.5,0.02,-0.8,-0.01,46.8,1.87
302,Exit long,2026-01-07 09:36,Exit Long,6935.5,1,6933.9,1.6,0.02,2.8,0.04,-0.5,-0.01,48.4,1.94
302,Entry long,2026-01-07 09:23,Long,6933.9,1,6933.9,1.6,0.02,2.8,0.04,-0.5,-0.01,48.4,1.94
303,Exit short,2026-01-07 10:13,Exit Short,6937.4,1,6936.8,-0.6,-0.01,0.6,0.01,-0.6,-0.01,47.8,1.91
303,Entry short,2026-01-07 10:07,Short,6936.8,1,6936.8,-0.6,-0.01,0.6,0.01,-0.6,-0.01,47.8,1.91
304,Exit long,2026-01-07 10:45,Exit Long,6933.5,1,6933,0.5,0.01,1.7,0.02,-0.1,0.00,48.3,1.93
304,Entry long,2026-01-07 10:34,Long,6933,1,6933,0.5,0.01,1.7,0.02,-0.1,0.00,48.3,1.93
305,Exit short,2026-01-07 11:34,Exit Short,6936.6,1,6936.5,-0.1,0.00,1.1,0.02,-0.8,-0.01,48.2,1.93
305,Entry short,2026-01-07 11:18,Short,6936.5,1,6936.5,-0.1,0.00,1.1,0.02,-0.8,-0.01,48.2,1.93
306,Exit short,2026-01-07 12:39,Exit Short,6938.1,1,6937.7,-0.4,-0.01,0.8,0.01,-4,-0.06,47.8,1.91
306,Entry short,2026-01-07 11:36,Short,6937.7,1,6937.7,-0.4,-0.01,0.8,0.01,-4,-0.06,47.8,1.91
307,Exit short,2026-01-07 12:57,Exit Short,6940.4,1,6940.9,0.5,0.01,1.7,0.02,-0.3,0.00,48.3,1.93
307,Entry short,2026-01-07 12:51,Short,6940.9,1,6940.9,0.5,0.01,1.7,0.02,-0.3,0.00,48.3,1.93
308,Exit long,2026-01-07 13:19,Exit Long,6940.7,1,6938.9,1.8,0.03,3,0.04,0,0.00,50.1,2.00
308,Entry long,2026-01-07 13:14,Long,6938.9,1,6938.9,1.8,0.03,3,0.04,0,0.00,50.1,2.00
309,Exit short,2026-01-07 14:41,Exit Short,6948.9,1,6941.2,-7.7,-0.11,0.5,0.01,-7.7,-0.11,42.4,1.70
309,Entry short,2026-01-07 13:20,Short,6941.2,1,6941.2,-7.7,-0.11,0.5,0.01,-7.7,-0.11,42.4,1.70
310,Exit short,2026-01-07 14:52,Exit Short,6949.4,1,6950.2,0.8,0.01,2,0.03,-4.7,-0.07,43.2,1.73
310,Entry short,2026-01-07 14:44,Short,6950.2,1,6950.2,0.8,0.01,2,0.03,-4.7,-0.07,43.2,1.73
311,Exit long,2026-01-07 15:05,Exit Long,6943.2,1,6943.2,0,0.00,1.2,0.02,0,0.00,43.2,1.73
311,Entry long,2026-01-07 15:05,Long,6943.2,1,6943.2,0,0.00,1.2,0.02,0,0.00,43.2,1.73
312,Exit long,2026-01-07 15:19,Exit Long,6936.7,1,6937.2,-0.5,-0.01,0.7,0.01,-0.5,-0.01,42.7,1.71
312,Entry long,2026-01-07 15:19,Long,6937.2,1,6937.2,-0.5,-0.01,0.7,0.01,-0.5,-0.01,42.7,1.71
313,Exit long,2026-01-07 15:22,Exit Long,6939.5,1,6937.9,1.6,0.02,2.8,0.04,-0.5,-0.01,44.3,1.77
313,Entry long,2026-01-07 15:21,Long,6937.9,1,6937.9,1.6,0.02,2.8,0.04,-0.5,-0.01,44.3,1.77
314,Exit long,2026-01-07 15:41,Exit Long,6945,1,6942.2,2.8,0.04,4,0.06,-0.3,0.00,47.1,1.88
314,Entry long,2026-01-07 15:40,Long,6942.2,1,6942.2,2.8,0.04,4,0.06,-0.3,0.00,47.1,1.88
315,Exit short,2026-01-07 16:20,Exit Short,6948.6,1,6948.7,0.1,0.00,1.3,0.02,-3.5,-0.05,47.2,1.89
315,Entry short,2026-01-07 15:57,Short,6948.7,1,6948.7,0.1,0.00,1.3,0.02,-3.5,-0.05,47.2,1.89
316,Exit short,2026-01-07 16:51,Exit Short,6955.6,1,6955.9,0.3,0.00,1.5,0.02,-0.5,-0.01,47.5,1.90
316,Entry short,2026-01-07 16:50,Short,6955.9,1,6955.9,0.3,0.00,1.5,0.02,-0.5,-0.01,47.5,1.90
317,Exit short,2026-01-07 17:33,Exit Short,6959.4,1,6959.2,-0.2,0.00,1,0.01,-4.5,-0.06,47.3,1.89
317,Entry short,2026-01-07 17:03,Short,6959.2,1,6959.2,-0.2,0.00,1,0.01,-4.5,-0.06,47.3,1.89
318,Exit long,2026-01-07 17:54,Exit Long,6954,1,6954.2,-0.2,0.00,1,0.01,-0.8,-0.01,47.1,1.88
318,Entry long,2026-01-07 17:53,Long,6954.2,1,6954.2,-0.2,0.00,1,0.01,-0.8,-0.01,47.1,1.88
319,Exit long,2026-01-07 18:23,Exit Long,6945.7,1,6953.4,-7.7,-0.11,0.5,0.01,-7.7,-0.11,39.4,1.58
319,Entry long,2026-01-07 18:02,Long,6953.4,1,6953.4,-7.7,-0.11,0.5,0.01,-7.7,-0.11,39.4,1.58
320,Exit long,2026-01-07 18:31,Exit Long,6947.5,1,6947.7,-0.2,0.00,1,0.01,-3.2,-0.05,39.2,1.57
320,Entry long,2026-01-07 18:24,Long,6947.7,1,6947.7,-0.2,0.00,1,0.01,-3.2,-0.05,39.2,1.57
321,Exit short,2026-01-07 18:57,Exit Short,6951.4,1,6954.2,2.8,0.04,4,0.06,-0.2,0.00,42,1.68
321,Entry short,2026-01-07 18:55,Short,6954.2,1,6954.2,2.8,0.04,4,0.06,-0.2,0.00,42,1.68
322,Exit long,2026-01-07 19:12,Exit Long,6944,1,6944.4,-0.4,-0.01,0.8,0.01,-0.4,-0.01,41.6,1.66
322,Entry long,2026-01-07 19:12,Long,6944.4,1,6944.4,-0.4,-0.01,0.8,0.01,-0.4,-0.01,41.6,1.66
323,Exit long,2026-01-07 19:20,Exit Long,6942.5,1,6941.7,0.8,0.01,2,0.03,-0.5,-0.01,42.4,1.70
323,Entry long,2026-01-07 19:19,Long,6941.7,1,6941.7,0.8,0.01,2,0.03,-0.5,-0.01,42.4,1.70
324,Exit long,2026-01-07 20:15,Exit Long,6930.9,1,6939.2,-8.3,-0.12,0,0.00,-8.3,-0.12,34.1,1.36
324,Entry long,2026-01-07 20:09,Long,6939.2,1,6939.2,-8.3,-0.12,0,0.00,-8.3,-0.12,34.1,1.36
325,Exit long,2026-01-07 20:20,Exit Long,6933.7,1,6931.7,2,0.03,3.2,0.05,-0.3,0.00,36.1,1.44
325,Entry long,2026-01-07 20:18,Long,6931.7,1,6931.7,2,0.03,3.2,0.05,-0.3,0.00,36.1,1.44
326,Exit long,2026-01-07 20:35,Exit Long,6919.2,1,6926.7,-7.5,-0.11,0.5,0.01,-7.5,-0.11,28.6,1.14
326,Entry long,2026-01-07 20:30,Long,6926.7,1,6926.7,-7.5,-0.11,0.5,0.01,-7.5,-0.11,28.6,1.14
327,Exit long,2026-01-07 20:43,Exit Long,6920.5,1,6919.9,0.6,0.01,1.8,0.03,-1.7,-0.02,29.2,1.17
327,Entry long,2026-01-07 20:41,Long,6919.9,1,6919.9,0.6,0.01,1.8,0.03,-1.7,-0.02,29.2,1.17
328,Exit long,2026-01-07 20:57,Exit Long,6918.7,1,6919.2,-0.5,-0.01,0.7,0.01,-0.5,-0.01,28.7,1.15
328,Entry long,2026-01-07 20:57,Long,6919.2,1,6919.2,-0.5,-0.01,0.7,0.01,-0.5,-0.01,28.7,1.15
329,Exit long,2026-01-07 23:00,Exit Long,6925.8,1,6918.6,7.2,0.10,8.4,0.12,-3.5,-0.05,35.9,1.44
329,Entry long,2026-01-07 21:04,Long,6918.6,1,6918.6,7.2,0.10,8.4,0.12,-3.5,-0.05,35.9,1.44
330,Exit short,2026-01-07 23:05,Exit Short,6925.6,1,6925,-0.6,-0.01,0.8,0.01,-0.6,-0.01,35.3,1.41
330,Entry short,2026-01-07 23:03,Short,6925,1,6925,-0.6,-0.01,0.8,0.01,-0.6,-0.01,35.3,1.41
331,Exit short,2026-01-07 23:09,Exit Short,6924.7,1,6924.7,0,0.00,1.2,0.02,0,0.00,35.3,1.41
331,Entry short,2026-01-07 23:08,Short,6924.7,1,6924.7,0,0.00,1.2,0.02,0,0.00,35.3,1.41
332,Exit long,2026-01-08 00:10,Exit Long,6922.3,1,6922.2,0.1,0.00,1.3,0.02,-0.7,-0.01,35.4,1.42
332,Entry long,2026-01-07 23:55,Long,6922.2,1,6922.2,0.1,0.00,1.3,0.02,-0.7,-0.01,35.4,1.42
333,Exit long,2026-01-08 00:40,Exit Long,6923.8,1,6920.7,3.1,0.04,4.3,0.06,-0.2,0.00,38.5,1.54
333,Entry long,2026-01-08 00:29,Long,6920.7,1,6920.7,3.1,0.04,4.3,0.06,-0.2,0.00,38.5,1.54
334,Exit short,2026-01-08 01:08,Exit Short,6923.2,1,6925.2,2,0.03,3.2,0.05,-1.3,-0.02,40.5,1.62
334,Entry short,2026-01-08 00:47,Short,6925.2,1,6925.2,2,0.03,3.2,0.05,-1.3,-0.02,40.5,1.62
335,Exit short,2026-01-08 02:01,Exit Short,6925.7,1,6925.2,-0.5,-0.01,0.7,0.01,-0.8,-0.01,40,1.60
335,Entry short,2026-01-08 01:53,Short,6925.2,1,6925.2,-0.5,-0.01,0.7,0.01,-0.8,-0.01,40,1.60
336,Exit short,2026-01-08 02:06,Exit Short,6926.2,1,6926.2,0,0.00,1.2,0.02,0,0.00,40,1.60
336,Entry short,2026-01-08 02:03,Short,6926.2,1,6926.2,0,0.00,1.2,0.02,0,0.00,40,1.60
337,Exit short,2026-01-08 02:16,Exit Short,6924.4,1,6925.5,1.1,0.02,2.3,0.03,-0.7,-0.01,41.1,1.64
337,Entry short,2026-01-08 02:08,Short,6925.5,1,6925.5,1.1,0.02,2.3,0.03,-0.7,-0.01,41.1,1.64
338,Exit long,2026-01-08 02:48,Exit Long,6914.7,1,6923,-8.3,-0.12,0,0.00,-8.3,-0.12,32.8,1.31
338,Entry long,2026-01-08 02:27,Long,6923,1,6923,-8.3,-0.12,0,0.00,-8.3,-0.12,32.8,1.31
339,Exit long,2026-01-08 02:52,Exit Long,6915.5,1,6916,-0.5,-0.01,0.7,0.01,-1.3,-0.02,32.3,1.29
339,Entry long,2026-01-08 02:50,Long,6916,1,6916,-0.5,-0.01,0.7,0.01,-1.3,-0.02,32.3,1.29
340,Exit long,2026-01-08 03:12,Exit Long,6915,1,6915.2,-0.2,0.00,1,0.01,-1.5,-0.02,32.1,1.28
340,Entry long,2026-01-08 03:02,Long,6915.2,1,6915.2,-0.2,0.00,1,0.01,-1.5,-0.02,32.1,1.28
341,Exit long,2026-01-08 03:34,Exit Long,6914.1,1,6914.3,-0.2,0.00,1,0.01,-1.8,-0.03,31.9,1.28
341,Entry long,2026-01-08 03:26,Long,6914.3,1,6914.3,-0.2,0.00,1,0.01,-1.8,-0.03,31.9,1.28
342,Exit long,2026-01-08 04:27,Exit Long,6913.5,1,6913.5,0,0.00,1.2,0.02,-2.3,-0.03,31.9,1.28
342,Entry long,2026-01-08 03:38,Long,6913.5,1,6913.5,0,0.00,1.2,0.02,-2.3,-0.03,31.9,1.28
343,Exit short,2026-01-08 04:40,Exit Short,6913,1,6913.5,0.5,0.01,1.8,0.03,0,0.00,32.4,1.30
343,Entry short,2026-01-08 04:28,Short,6913.5,1,6913.5,0.5,0.01,1.8,0.03,0,0.00,32.4,1.30
344,Exit long,2026-01-08 06:01,Exit Long,6903.7,1,6911.8,-8.1,-0.12,0.4,0.01,-8.1,-0.12,24.3,0.97
344,Entry long,2026-01-08 05:09,Long,6911.8,1,6911.8,-8.1,-0.12,0.4,0.01,-8.1,-0.12,24.3,0.97
345,Exit long,2026-01-08 06:50,Exit Long,6898.3,1,6898.5,-0.2,0.00,1,0.01,-5.3,-0.08,24.1,0.96
345,Entry long,2026-01-08 06:10,Long,6898.5,1,6898.5,-0.2,0.00,1,0.01,-5.3,-0.08,24.1,0.96
346,Exit short,2026-01-08 07:23,Exit Short,6907.5,1,6899.6,-7.9,-0.11,0.3,0.00,-7.9,-0.11,16.2,0.65
346,Entry short,2026-01-08 07:13,Short,6899.6,1,6899.6,-7.9,-0.11,0.3,0.00,-7.9,-0.11,16.2,0.65
347,Exit short,2026-01-08 07:30,Exit Short,6908,1,6911.5,3.5,0.05,4.7,0.07,0,0.00,19.7,0.79
347,Entry short,2026-01-08 07:26,Short,6911.5,1,6911.5,3.5,0.05,4.7,0.07,0,0.00,19.7,0.79
348,Exit short,2026-01-08 08:33,Exit Short,6911,1,6911,0,0.00,1.2,0.02,-0.4,-0.01,19.7,0.79
348,Entry short,2026-01-08 08:32,Short,6911,1,6911,0,0.00,1.2,0.02,-0.4,-0.01,19.7,0.79
349,Exit short,2026-01-08 08:51,Exit Short,6911.7,1,6912.8,1.1,0.02,2.3,0.03,-1.5,-0.02,20.8,0.83
349,Entry short,2026-01-08 08:39,Short,6912.8,1,6912.8,1.1,0.02,2.3,0.03,-1.5,-0.02,20.8,0.83
350,Exit long,2026-01-08 09:27,Exit Long,6908.8,1,6908.3,0.5,0.01,1.7,0.02,-1.3,-0.02,21.3,0.85
350,Entry long,2026-01-08 09:20,Long,6908.3,1,6908.3,0.5,0.01,1.7,0.02,-1.3,-0.02,21.3,0.85
351,Exit long,2026-01-08 10:01,Exit Long,6906.3,1,6906.4,-0.1,0.00,1.1,0.02,-2.6,-0.04,21.2,0.85
351,Entry long,2026-01-08 09:39,Long,6906.4,1,6906.4,-0.1,0.00,1.1,0.02,-2.6,-0.04,21.2,0.85
352,Exit long,2026-01-08 10:16,Exit Long,6903.1,1,6903.5,-0.4,-0.01,0.8,0.01,-0.4,-0.01,20.8,0.83
352,Entry long,2026-01-08 10:15,Long,6903.5,1,6903.5,-0.4,-0.01,0.8,0.01,-0.4,-0.01,20.8,0.83
353,Exit long,2026-01-08 10:27,Exit Long,6902.8,1,6903.3,-0.5,-0.01,0.7,0.01,-0.5,-0.01,20.3,0.81
353,Entry long,2026-01-08 10:23,Long,6903.3,1,6903.3,-0.5,-0.01,0.7,0.01,-0.5,-0.01,20.3,0.81
354,Exit short,2026-01-08 10:50,Exit Short,6906.7,1,6906.8,0.1,0.00,1.3,0.02,-0.5,-0.01,20.4,0.82
354,Entry short,2026-01-08 10:46,Short,6906.8,1,6906.8,0.1,0.00,1.3,0.02,-0.5,-0.01,20.4,0.82
355,Exit short,2026-01-08 11:11,Exit Short,6908.8,1,6909,0.2,0.00,1.5,0.02,0,0.00,20.6,0.82
355,Entry short,2026-01-08 11:09,Short,6909,1,6909,0.2,0.00,1.5,0.02,0,0.00,20.6,0.82
356,Exit short,2026-01-08 11:31,Exit Short,6909.1,1,6909.9,0.8,0.01,2,0.03,-0.1,0.00,21.4,0.86
356,Entry short,2026-01-08 11:29,Short,6909.9,1,6909.9,0.8,0.01,2,0.03,-0.1,0.00,21.4,0.86
357,Exit short,2026-01-08 11:47,Exit Short,6908.7,1,6909.6,0.9,0.01,2.1,0.03,0,0.00,22.3,0.89
357,Entry short,2026-01-08 11:44,Short,6909.6,1,6909.6,0.9,0.01,2.1,0.03,0,0.00,22.3,0.89
358,Exit short,2026-01-08 12:00,Exit Short,6907,1,6909.4,2.4,0.03,3.6,0.05,-0.9,-0.01,24.7,0.99
358,Entry short,2026-01-08 11:53,Short,6909.4,1,6909.4,2.4,0.03,3.6,0.05,-0.9,-0.01,24.7,0.99
359,Exit long,2026-01-08 12:14,Exit Long,6904.8,1,6904.5,0.3,0.00,1.5,0.02,-1.7,-0.02,25,1.00
359,Entry long,2026-01-08 12:07,Long,6904.5,1,6904.5,0.3,0.00,1.5,0.02,-1.7,-0.02,25,1.00
360,Exit short,2026-01-08 12:33,Exit Short,6907,1,6908.8,1.8,0.03,3,0.04,-0.2,0.00,26.8,1.07
360,Entry short,2026-01-08 12:30,Short,6908.8,1,6908.8,1.8,0.03,3,0.04,-0.2,0.00,26.8,1.07
361,Exit short,2026-01-08 13:30,Exit Short,6916.3,1,6908.5,-7.8,-0.11,0.4,0.01,-7.8,-0.11,19,0.76
361,Entry short,2026-01-08 13:10,Short,6908.5,1,6908.5,-7.8,-0.11,0.4,0.01,-7.8,-0.11,19,0.76
362,Exit short,2026-01-08 13:35,Exit Short,6912.8,1,6914,1.2,0.02,2.5,0.04,0,0.00,20.2,0.81
362,Entry short,2026-01-08 13:32,Short,6914,1,6914,1.2,0.02,2.5,0.04,0,0.00,20.2,0.81
363,Exit long,2026-01-08 14:28,Exit Long,6911.1,1,6911,0.1,0.00,1.3,0.02,-1.6,-0.02,20.3,0.81
363,Entry long,2026-01-08 14:22,Long,6911,1,6911,0.1,0.00,1.3,0.02,-1.6,-0.02,20.3,0.81
364,Exit long,2026-01-08 14:37,Exit Long,6914.8,1,6908.8,6,0.09,7.2,0.10,-1,-0.01,26.3,1.05
364,Entry long,2026-01-08 14:36,Long,6908.8,1,6908.8,6,0.09,7.2,0.10,-1,-0.01,26.3,1.05
365,Exit long,2026-01-08 14:41,Exit Long,6910.1,1,6910.5,-0.4,-0.01,0.8,0.01,-0.4,-0.01,25.9,1.04
365,Entry long,2026-01-08 14:41,Long,6910.5,1,6910.5,-0.4,-0.01,0.8,0.01,-0.4,-0.01,25.9,1.04
366,Exit long,2026-01-08 14:48,Exit Long,6911.3,1,6901.8,9.5,0.14,10.7,0.16,-1.3,-0.02,35.4,1.42
366,Entry long,2026-01-08 14:46,Long,6901.8,1,6901.8,9.5,0.14,10.7,0.16,-1.3,-0.02,35.4,1.42
367,Exit short,2026-01-08 15:09,Exit Short,6921.5,1,6913.3,-8.2,-0.12,0.3,0.00,-8.2,-0.12,27.2,1.09
367,Entry short,2026-01-08 15:07,Short,6913.3,1,6913.3,-8.2,-0.12,0.3,0.00,-8.2,-0.12,27.2,1.09
368,Exit short,2026-01-08 15:14,Exit Short,6918.5,1,6918.3,-0.2,0.00,1,0.01,-2.5,-0.04,27,1.08
368,Entry short,2026-01-08 15:12,Short,6918.3,1,6918.3,-0.2,0.00,1,0.01,-2.5,-0.04,27,1.08
369,Exit short,2026-01-08 15:18,Exit Short,6921,1,6920.5,-0.5,-0.01,0.7,0.01,-0.5,-0.01,26.5,1.06
369,Entry short,2026-01-08 15:18,Short,6920.5,1,6920.5,-0.5,-0.01,0.7,0.01,-0.5,-0.01,26.5,1.06
370,Exit short,2026-01-08 15:21,Exit Short,6921.2,1,6921.8,0.6,0.01,1.8,0.03,-0.2,0.00,27.1,1.08
370,Entry short,2026-01-08 15:20,Short,6921.8,1,6921.8,0.6,0.01,1.8,0.03,-0.2,0.00,27.1,1.08
371,Exit short,2026-01-08 15:48,Exit Short,6915.5,1,6918.3,2.8,0.04,4,0.06,-1,-0.01,29.9,1.20
371,Entry short,2026-01-08 15:47,Short,6918.3,1,6918.3,2.8,0.04,4,0.06,-1,-0.01,29.9,1.20
372,Exit short,2026-01-08 16:10,Exit Short,6915.5,1,6919.8,4.3,0.06,5.5,0.08,-2.5,-0.04,34.2,1.37
372,Entry short,2026-01-08 16:06,Short,6919.8,1,6919.8,4.3,0.06,5.5,0.08,-2.5,-0.04,34.2,1.37
373,Exit long,2026-01-08 16:39,Exit Long,6916.6,1,6911.3,5.3,0.08,6.5,0.09,-0.8,-0.01,39.5,1.58
373,Entry long,2026-01-08 16:38,Long,6911.3,1,6911.3,5.3,0.08,6.5,0.09,-0.8,-0.01,39.5,1.58
374,Exit short,2026-01-08 16:53,Exit Short,6917,1,6922.5,5.5,0.08,6.7,0.10,-0.5,-0.01,45,1.80
374,Entry short,2026-01-08 16:50,Short,6922.5,1,6922.5,5.5,0.08,6.7,0.10,-0.5,-0.01,45,1.80
375,Exit short,2026-01-08 17:02,Exit Short,6921.5,1,6921.5,0,0.00,1.2,0.02,-0.3,0.00,45,1.80
375,Entry short,2026-01-08 17:01,Short,6921.5,1,6921.5,0,0.00,1.2,0.02,-0.3,0.00,45,1.80
376,Exit short,2026-01-08 17:24,Exit Short,6920.7,1,6921.5,0.8,0.01,2,0.03,-0.3,0.00,45.8,1.83
376,Entry short,2026-01-08 17:23,Short,6921.5,1,6921.5,0.8,0.01,2,0.03,-0.3,0.00,45.8,1.83
377,Exit short,2026-01-08 18:04,Exit Short,6923.2,1,6922.8,-0.4,-0.01,0.8,0.01,-7.5,-0.11,45.4,1.82
377,Entry short,2026-01-08 17:39,Short,6922.8,1,6922.8,-0.4,-0.01,0.8,0.01,-7.5,-0.11,45.4,1.82
378,Exit long,2026-01-08 18:18,Exit Long,6916.6,1,6914,2.6,0.04,3.8,0.05,-0.7,-0.01,48,1.92
378,Entry long,2026-01-08 18:16,Long,6914,1,6914,2.6,0.04,3.8,0.05,-0.7,-0.01,48,1.92
379,Exit long,2026-01-08 19:04,Exit Long,6916.3,1,6913.5,2.8,0.04,4,0.06,-0.5,-0.01,50.8,2.03
379,Entry long,2026-01-08 19:02,Long,6913.5,1,6913.5,2.8,0.04,4,0.06,-0.5,-0.01,50.8,2.03
380,Exit long,2026-01-08 19:18,Exit Long,6911.8,1,6911.8,0,0.00,1.2,0.02,-1,-0.01,50.8,2.03
380,Entry long,2026-01-08 19:18,Long,6911.8,1,6911.8,0,0.00,1.2,0.02,-1,-0.01,50.8,2.03
381,Exit short,2026-01-08 20:22,Exit Short,6914.2,1,6915,0.8,0.01,2,0.03,-2.5,-0.04,51.6,2.06
381,Entry short,2026-01-08 20:12,Short,6915,1,6915,0.8,0.01,2,0.03,-2.5,-0.04,51.6,2.06
382,Exit short,2026-01-08 20:33,Exit Short,6921.5,1,6921,-0.5,-0.01,0.7,0.01,-0.5,-0.01,51.1,2.04
382,Entry short,2026-01-08 20:33,Short,6921,1,6921,-0.5,-0.01,0.7,0.01,-0.5,-0.01,51.1,2.04
383,Exit short,2026-01-08 20:40,Exit Short,6920,1,6923,3,0.04,4.2,0.06,-0.5,-0.01,54.1,2.16
383,Entry short,2026-01-08 20:38,Short,6923,1,6923,3,0.04,4.2,0.06,-0.5,-0.01,54.1,2.16
384,Exit short,2026-01-08 21:39,Exit Short,6931.2,1,6923.5,-7.7,-0.11,0.3,0.00,-7.7,-0.11,46.4,1.86
384,Entry short,2026-01-08 21:25,Short,6923.5,1,6923.5,-7.7,-0.11,0.3,0.00,-7.7,-0.11,46.4,1.86
385,Exit short,2026-01-08 21:56,Exit Short,6931.2,1,6933.2,2,0.03,3.2,0.05,-0.5,-0.01,48.4,1.94
385,Entry short,2026-01-08 21:45,Short,6933.2,1,6933.2,2,0.03,3.2,0.05,-0.5,-0.01,48.4,1.94
386,Exit long,2026-01-08 23:44,Exit Long,6923.6,1,6924.2,-0.6,-0.01,0.6,0.01,-0.7,-0.01,47.8,1.91
386,Entry long,2026-01-08 23:40,Long,6924.2,1,6924.2,-0.6,-0.01,0.6,0.01,-0.7,-0.01,47.8,1.91
387,Exit long,2026-01-08 23:49,Exit Long,6924,1,6924,0,0.00,1.2,0.02,-0.2,0.00,47.8,1.91
387,Entry long,2026-01-08 23:47,Long,6924,1,6924,0,0.00,1.2,0.02,-0.2,0.00,47.8,1.91
388,Exit long,2026-01-09 00:01,Exit Long,6923.1,1,6922.7,0.4,0.01,1.6,0.02,-1.2,-0.02,48.2,1.93
388,Entry long,2026-01-08 23:55,Long,6922.7,1,6922.7,0.4,0.01,1.6,0.02,-1.2,-0.02,48.2,1.93
389,Exit long,2026-01-09 00:34,Exit Long,6923.8,1,6923,0.8,0.01,2,0.03,-0.2,0.00,49,1.96
389,Entry long,2026-01-09 00:28,Long,6923,1,6923,0.8,0.01,2,0.03,-0.2,0.00,49,1.96
390,Exit long,2026-01-09 01:01,Exit Long,6919.8,1,6920.3,-0.5,-0.01,0.7,0.01,-1,-0.01,48.5,1.94
390,Entry long,2026-01-09 00:59,Long,6920.3,1,6920.3,-0.5,-0.01,0.7,0.01,-1,-0.01,48.5,1.94
391,Exit long,2026-01-09 01:04,Exit Long,6919.8,1,6920,-0.2,0.00,1,0.01,-0.2,0.00,48.3,1.93
391,Entry long,2026-01-09 01:02,Long,6920,1,6920,-0.2,0.00,1,0.01,-0.2,0.00,48.3,1.93
392,Exit long,2026-01-09 01:16,Exit Long,6919.6,1,6919.5,0.1,0.00,1.3,0.02,-0.2,0.00,48.4,1.94
392,Entry long,2026-01-09 01:13,Long,6919.5,1,6919.5,0.1,0.00,1.3,0.02,-0.2,0.00,48.4,1.94
393,Exit long,2026-01-09 01:30,Exit Long,6914.1,1,6914.5,-0.4,-0.01,0.8,0.01,-0.4,-0.01,48,1.92
393,Entry long,2026-01-09 01:29,Long,6914.5,1,6914.5,-0.4,-0.01,0.8,0.01,-0.4,-0.01,48,1.92
394,Exit long,2026-01-09 01:34,Exit Long,6914.1,1,6914.3,-0.2,0.00,1,0.01,-0.3,0.00,47.8,1.91
394,Entry long,2026-01-09 01:32,Long,6914.3,1,6914.3,-0.2,0.00,1,0.01,-0.3,0.00,47.8,1.91
395,Exit short,2026-01-09 02:23,Exit Short,6919.7,1,6919.3,-0.4,-0.01,0.8,0.01,-0.4,-0.01,47.4,1.90
395,Entry short,2026-01-09 02:21,Short,6919.3,1,6919.3,-0.4,-0.01,0.8,0.01,-0.4,-0.01,47.4,1.90
396,Exit short,2026-01-09 02:41,Exit Short,6920.5,1,6921.9,1.4,0.02,2.6,0.04,-0.3,0.00,48.8,1.95
396,Entry short,2026-01-09 02:32,Short,6921.9,1,6921.9,1.4,0.02,2.6,0.04,-0.3,0.00,48.8,1.95
397,Exit short,2026-01-09 03:06,Exit Short,6920,1,6922.3,2.3,0.03,3.5,0.05,-0.2,0.00,51.1,2.04
397,Entry short,2026-01-09 02:49,Short,6922.3,1,6922.3,2.3,0.03,3.5,0.05,-0.2,0.00,51.1,2.04
398,Exit long,2026-01-09 03:38,Exit Long,6919.6,1,6920.1,-0.5,-0.01,0.7,0.01,-1.8,-0.03,50.6,2.02
398,Entry long,2026-01-09 03:26,Long,6920.1,1,6920.1,-0.5,-0.01,0.7,0.01,-1.8,-0.03,50.6,2.02
399,Exit long,2026-01-09 04:33,Exit Long,6918.3,1,6918.3,0,0.00,1.2,0.02,-2,-0.03,50.6,2.02
399,Entry long,2026-01-09 04:06,Long,6918.3,1,6918.3,0,0.00,1.2,0.02,-2,-0.03,50.6,2.02
400,Exit short,2026-01-09 05:21,Exit Short,6920.2,1,6919.8,-0.4,-0.01,0.9,0.01,-1.7,-0.02,50.2,2.01
400,Entry short,2026-01-09 04:56,Short,6919.8,1,6919.8,-0.4,-0.01,0.9,0.01,-1.7,-0.02,50.2,2.01
401,Exit long,2026-01-09 06:02,Exit Long,6921.8,1,6918.8,3,0.04,4.2,0.06,-1.8,-0.03,53.2,2.13
401,Entry long,2026-01-09 05:34,Long,6918.8,1,6918.8,3,0.04,4.2,0.06,-1.8,-0.03,53.2,2.13
402,Exit short,2026-01-09 06:13,Exit Short,6919,1,6921.4,2.4,0.03,3.6,0.05,-0.5,-0.01,55.6,2.22
402,Entry short,2026-01-09 06:03,Short,6921.4,1,6921.4,2.4,0.03,3.6,0.05,-0.5,-0.01,55.6,2.22
403,Exit short,2026-01-09 07:10,Exit Short,6921,1,6922.3,1.3,0.02,2.5,0.04,-1.4,-0.02,56.9,2.28
403,Entry short,2026-01-09 06:39,Short,6922.3,1,6922.3,1.3,0.02,2.5,0.04,-1.4,-0.02,56.9,2.28
404,Exit long,2026-01-09 07:49,Exit Long,6919.1,1,6916.1,3,0.04,4.2,0.06,-0.3,0.00,59.9,2.40
404,Entry long,2026-01-09 07:33,Long,6916.1,1,6916.1,3,0.04,4.2,0.06,-0.3,0.00,59.9,2.40
405,Exit short,2026-01-09 08:06,Exit Short,6920.5,1,6921.1,0.6,0.01,1.8,0.03,0,0.00,60.5,2.42
405,Entry short,2026-01-09 08:03,Short,6921.1,1,6921.1,0.6,0.01,1.8,0.03,0,0.00,60.5,2.42
406,Exit short,2026-01-09 08:15,Exit Short,6923,1,6922.6,-0.4,-0.01,0.8,0.01,-1.2,-0.02,60.1,2.40
406,Entry short,2026-01-09 08:12,Short,6922.6,1,6922.6,-0.4,-0.01,0.8,0.01,-1.2,-0.02,60.1,2.40
407,Exit short,2026-01-09 08:19,Exit Short,6923.1,1,6923.1,0,0.00,1.2,0.02,-0.1,0.00,60.1,2.40
407,Entry short,2026-01-09 08:18,Short,6923.1,1,6923.1,0,0.00,1.2,0.02,-0.1,0.00,60.1,2.40
408,Exit long,2026-01-09 08:44,Exit Long,6920.1,1,6919.9,0.2,0.00,1.4,0.02,-0.8,-0.01,60.3,2.41
408,Entry long,2026-01-09 08:36,Long,6919.9,1,6919.9,0.2,0.00,1.4,0.02,-0.8,-0.01,60.3,2.41
409,Exit long,2026-01-09 08:55,Exit Long,6916.4,1,6916.3,0.1,0.00,1.3,0.02,-1,-0.01,60.4,2.42
409,Entry long,2026-01-09 08:51,Long,6916.3,1,6916.3,0.1,0.00,1.3,0.02,-1,-0.01,60.4,2.42
410,Exit short,2026-01-09 09:42,Exit Short,6924.8,1,6925.1,0.3,0.00,1.5,0.02,0,0.00,60.7,2.43
410,Entry short,2026-01-09 09:40,Short,6925.1,1,6925.1,0.3,0.00,1.5,0.02,0,0.00,60.7,2.43
411,Exit short,2026-01-09 09:53,Exit Short,6924.8,1,6924.8,0,0.00,1.2,0.02,0,0.00,60.7,2.43
411,Entry short,2026-01-09 09:49,Short,6924.8,1,6924.8,0,0.00,1.2,0.02,0,0.00,60.7,2.43
412,Exit short,2026-01-09 10:02,Exit Short,6926.5,1,6926.3,-0.2,0.00,1,0.01,-0.2,0.00,60.5,2.42
412,Entry short,2026-01-09 10:01,Short,6926.3,1,6926.3,-0.2,0.00,1,0.01,-0.2,0.00,60.5,2.42
413,Exit short,2026-01-09 10:05,Exit Short,6926.3,1,6926.1,-0.2,0.00,1,0.01,-0.2,0.00,60.3,2.41
413,Entry short,2026-01-09 10:04,Short,6926.1,1,6926.1,-0.2,0.00,1,0.01,-0.2,0.00,60.3,2.41
414,Exit short,2026-01-09 10:33,Exit Short,6927,1,6926.9,-0.1,0.00,1.1,0.02,-0.7,-0.01,60.2,2.41
414,Entry short,2026-01-09 10:24,Short,6926.9,1,6926.9,-0.1,0.00,1.1,0.02,-0.7,-0.01,60.2,2.41
415,Exit long,2026-01-09 11:07,Exit Long,6924.9,1,6925.2,-0.3,0.00,0.9,0.01,-0.3,0.00,59.9,2.40
415,Entry long,2026-01-09 11:05,Long,6925.2,1,6925.2,-0.3,0.00,0.9,0.01,-0.3,0.00,59.9,2.40
416,Exit long,2026-01-09 11:37,Exit Long,6930.1,1,6924.9,5.2,0.08,6.4,0.09,-0.4,-0.01,65.1,2.60
416,Entry long,2026-01-09 11:11,Long,6924.9,1,6924.9,5.2,0.08,6.4,0.09,-0.4,-0.01,65.1,2.60
417,Exit short,2026-01-09 11:42,Exit Short,6930.3,1,6930.1,-0.2,0.00,1,0.01,-0.2,0.00,64.9,2.60
417,Entry short,2026-01-09 11:41,Short,6930.1,1,6930.1,-0.2,0.00,1,0.01,-0.2,0.00,64.9,2.60
418,Exit short,2026-01-09 12:00,Exit Short,6927,1,6930.7,3.7,0.05,4.9,0.07,0,0.00,68.6,2.74
418,Entry short,2026-01-09 11:46,Short,6930.7,1,6930.7,3.7,0.05,4.9,0.07,0,0.00,68.6,2.74
419,Exit long,2026-01-09 12:18,Exit Long,6925.4,1,6926,-0.6,-0.01,0.6,0.01,-0.6,-0.01,68,2.72
419,Entry long,2026-01-09 12:17,Long,6926,1,6926,-0.6,-0.01,0.6,0.01,-0.6,-0.01,68,2.72
420,Exit long,2026-01-09 12:27,Exit Long,6925.4,1,6925.8,-0.4,-0.01,0.8,0.01,-0.4,-0.01,67.6,2.70
420,Entry long,2026-01-09 12:22,Long,6925.8,1,6925.8,-0.4,-0.01,0.8,0.01,-0.4,-0.01,67.6,2.70
421,Exit long,2026-01-09 12:53,Exit Long,6928.6,1,6925.3,3.3,0.05,4.5,0.06,-1.5,-0.02,70.9,2.84
421,Entry long,2026-01-09 12:30,Long,6925.3,1,6925.3,3.3,0.05,4.5,0.06,-1.5,-0.02,70.9,2.84
422,Exit short,2026-01-09 13:30,Exit Short,6936.3,1,6928.1,-8.2,-0.12,0,0.00,-8.2,-0.12,62.7,2.51
422,Entry short,2026-01-09 12:54,Short,6928.1,1,6928.1,-8.2,-0.12,0,0.00,-8.2,-0.12,62.7,2.51
423,Exit short,2026-01-09 13:51,Exit Short,6942,1,6942.2,0.2,0.00,1.4,0.02,-4.6,-0.07,62.9,2.52
423,Entry short,2026-01-09 13:39,Short,6942.2,1,6942.2,0.2,0.00,1.4,0.02,-4.6,-0.07,62.9,2.52
424,Exit short,2026-01-09 14:06,Exit Short,6944,1,6946.6,2.6,0.04,3.8,0.05,-1.5,-0.02,65.5,2.62
424,Entry short,2026-01-09 14:03,Short,6946.6,1,6946.6,2.6,0.04,3.8,0.05,-1.5,-0.02,65.5,2.62
425,Exit long,2026-01-09 14:33,Exit Long,6933.9,1,6931.9,2,0.03,3.2,0.05,-5.1,-0.07,67.5,2.70
425,Entry long,2026-01-09 14:22,Long,6931.9,1,6931.9,2,0.03,3.2,0.05,-5.1,-0.07,67.5,2.70
426,Exit long,2026-01-09 14:50,Exit Long,6933.9,1,6932.6,1.3,0.02,2.5,0.04,-2.3,-0.03,68.8,2.75
426,Entry long,2026-01-09 14:50,Long,6932.6,1,6932.6,1.3,0.02,2.5,0.04,-2.3,-0.03,68.8,2.75
427,Exit long,2026-01-09 15:11,Exit Long,6922.9,1,6921.8,1.1,0.02,2.3,0.03,-1,-0.01,69.9,2.80
427,Entry long,2026-01-09 15:11,Long,6921.8,1,6921.8,1.1,0.02,2.3,0.03,-1,-0.01,69.9,2.80
428,Exit short,2026-01-09 15:36,Exit Short,6955.3,1,6955.6,0.3,0.00,1.5,0.02,-0.7,-0.01,70.2,2.81
428,Entry short,2026-01-09 15:35,Short,6955.6,1,6955.6,0.3,0.00,1.5,0.02,-0.7,-0.01,70.2,2.81
429,Exit short,2026-01-09 16:29,Exit Short,6952.8,1,6952.8,0,0.00,1.2,0.02,-7,-0.10,70.2,2.81
429,Entry short,2026-01-09 16:13,Short,6952.8,1,6952.8,0,0.00,1.2,0.02,-7,-0.10,70.2,2.81
430,Exit short,2026-01-09 16:59,Exit Short,6962.5,1,6962.1,-0.4,-0.01,0.8,0.01,-1.7,-0.02,69.8,2.79
430,Entry short,2026-01-09 16:56,Short,6962.1,1,6962.1,-0.4,-0.01,0.8,0.01,-1.7,-0.02,69.8,2.79
431,Exit short,2026-01-09 17:13,Exit Short,6963.5,1,6965.1,1.6,0.02,2.8,0.04,-0.2,0.00,71.4,2.86
431,Entry short,2026-01-09 17:08,Short,6965.1,1,6965.1,1.6,0.02,2.8,0.04,-0.2,0.00,71.4,2.86
432,Exit short,2026-01-09 17:17,Exit Short,6962.5,1,6962.8,0.3,0.00,1.5,0.02,-0.5,-0.01,71.7,2.87
432,Entry short,2026-01-09 17:16,Short,6962.8,1,6962.8,0.3,0.00,1.5,0.02,-0.5,-0.01,71.7,2.87
433,Exit short,2026-01-09 17:45,Exit Short,6964.8,1,6965.3,0.5,0.01,1.7,0.02,-3,-0.04,72.2,2.89
433,Entry short,2026-01-09 17:30,Short,6965.3,1,6965.3,0.5,0.01,1.7,0.02,-3,-0.04,72.2,2.89
434,Exit long,2026-01-09 18:07,Exit Long,6962.1,1,6960.8,1.3,0.02,2.5,0.04,-0.7,-0.01,73.5,2.94
434,Entry long,2026-01-09 18:04,Long,6960.8,1,6960.8,1.3,0.02,2.5,0.04,-0.7,-0.01,73.5,2.94
435,Exit long,2026-01-09 18:17,Exit Long,6960.4,1,6960.1,0.3,0.00,1.5,0.02,-1,-0.01,73.8,2.95
435,Entry long,2026-01-09 18:14,Long,6960.1,1,6960.1,0.3,0.00,1.5,0.02,-1,-0.01,73.8,2.95
436,Exit long,2026-01-09 18:36,Exit Long,6967.6,1,6957.6,10,0.14,11.2,0.16,-0.3,0.00,83.8,3.35
436,Entry long,2026-01-09 18:27,Long,6957.6,1,6957.6,10,0.14,11.2,0.16,-0.3,0.00,83.8,3.35
437,Exit short,2026-01-09 18:48,Exit Short,6968.8,1,6968.8,0,0.00,1.2,0.02,-0.8,-0.01,83.8,3.35
437,Entry short,2026-01-09 18:44,Short,6968.8,1,6968.8,0,0.00,1.2,0.02,-0.8,-0.01,83.8,3.35
438,Exit short,2026-01-09 19:27,Exit Short,6971,1,6970.8,-0.2,0.00,1,0.01,-0.2,0.00,83.6,3.34
438,Entry short,2026-01-09 19:25,Short,6970.8,1,6970.8,-0.2,0.00,1,0.01,-0.2,0.00,83.6,3.34
439,Exit short,2026-01-09 19:35,Exit Short,6971.5,1,6971.7,0.2,0.00,1.4,0.02,-0.1,0.00,83.8,3.35
439,Entry short,2026-01-09 19:32,Short,6971.7,1,6971.7,0.2,0.00,1.4,0.02,-0.1,0.00,83.8,3.35
440,Exit short,2026-01-09 20:01,Exit Short,6972.5,1,6973.6,1.1,0.02,2.3,0.03,-1.7,-0.02,84.9,3.40
440,Entry short,2026-01-09 19:50,Short,6973.6,1,6973.6,1.1,0.02,2.3,0.03,-1.7,-0.02,84.9,3.40
441,Exit short,2026-01-09 20:16,Exit Short,6972,1,6973.3,1.3,0.02,2.5,0.04,-0.5,-0.01,86.2,3.45
441,Entry short,2026-01-09 20:04,Short,6973.3,1,6973.3,1.3,0.02,2.5,0.04,-0.5,-0.01,86.2,3.45
442,Exit short,2026-01-09 20:31,Exit Short,6973.5,1,6974.6,1.1,0.02,2.3,0.03,0,0.00,87.3,3.49
442,Entry short,2026-01-09 20:26,Short,6974.6,1,6974.6,1.1,0.02,2.3,0.03,0,0.00,87.3,3.49
443,Exit long,2026-01-09 20:46,Exit Long,6970.6,1,6970.8,-0.2,0.00,1,0.01,-0.2,0.00,87.1,3.48
443,Entry long,2026-01-09 20:45,Long,6970.8,1,6970.8,-0.2,0.00,1,0.01,-0.2,0.00,87.1,3.48
444,Exit long,2026-01-09 21:25,Exit Long,6961.1,1,6969.3,-8.2,-0.12,0,0.00,-8.2,-0.12,78.9,3.16
444,Entry long,2026-01-09 20:52,Long,6969.3,1,6969.3,-8.2,-0.12,0,0.00,-8.2,-0.12,78.9,3.16
445,Exit long,2026-01-11 23:00,Exit Long,6961.3,1,6961.3,0,0.00,1.2,0.02,-1,-0.01,78.9,3.16
445,Entry long,2026-01-09 21:27,Long,6961.3,1,6961.3,0,0.00,1.2,0.02,-1,-0.01,78.9,3.16
446,Exit long,2026-01-11 23:07,Exit Long,6955.8,1,6955.2,0.6,0.01,1.8,0.03,-1,-0.01,79.5,3.18
446,Entry long,2026-01-11 23:05,Long,6955.2,1,6955.2,0.6,0.01,1.8,0.03,-1,-0.01,79.5,3.18
447,Exit short,2026-01-11 23:40,Exit Short,6960.7,1,6960.8,0.1,0.00,1.3,0.02,-0.2,0.00,79.6,3.18
447,Entry short,2026-01-11 23:34,Short,6960.8,1,6960.8,0.1,0.00,1.3,0.02,-0.2,0.00,79.6,3.18
448,Exit long,2026-01-12 00:09,Exit Long,6954.9,1,6954.5,0.4,0.01,1.6,0.02,-0.4,-0.01,80,3.20
448,Entry long,2026-01-12 00:07,Long,6954.5,1,6954.5,0.4,0.01,1.6,0.02,-0.4,-0.01,80,3.20
449,Exit long,2026-01-12 00:34,Exit Long,6946.5,1,6954.7,-8.2,-0.12,0.5,0.01,-8.2,-0.12,71.8,2.87
449,Entry long,2026-01-12 00:13,Long,6954.7,1,6954.7,-8.2,-0.12,0.5,0.01,-8.2,-0.12,71.8,2.87
450,Exit long,2026-01-12 00:40,Exit Long,6939.5,1,6939.5,0,0.00,1.2,0.02,0,0.00,71.8,2.87
450,Entry long,2026-01-12 00:40,Long,6939.5,1,6939.5,0,0.00,1.2,0.02,0,0.00,71.8,2.87
451,Exit long,2026-01-12 01:04,Exit Long,6936.3,1,6935.7,0.6,0.01,1.8,0.03,-0.5,-0.01,72.4,2.90
451,Entry long,2026-01-12 01:04,Long,6935.7,1,6935.7,0.6,0.01,1.8,0.03,-0.5,-0.01,72.4,2.90
452,Exit long,2026-01-12 01:15,Exit Long,6935.8,1,6935,0.8,0.01,2,0.03,0,0.00,73.2,2.93
452,Entry long,2026-01-12 01:14,Long,6935,1,6935,0.8,0.01,2,0.03,0,0.00,73.2,2.93
453,Exit long,2026-01-12 01:46,Exit Long,6936.5,1,6933.7,2.8,0.04,4,0.06,-6,-0.09,76,3.04
453,Entry long,2026-01-12 01:21,Long,6933.7,1,6933.7,2.8,0.04,4,0.06,-6,-0.09,76,3.04
454,Exit short,2026-01-12 01:54,Exit Short,6938.5,1,6938.7,0.2,0.00,1.4,0.02,0,0.00,76.2,3.05
454,Entry short,2026-01-12 01:53,Short,6938.7,1,6938.7,0.2,0.00,1.4,0.02,0,0.00,76.2,3.05
455,Exit long,2026-01-12 02:34,Exit Long,6931.8,1,6930.7,1.1,0.02,2.3,0.03,-1.2,-0.02,77.3,3.09
455,Entry long,2026-01-12 02:22,Long,6930.7,1,6930.7,1.1,0.02,2.3,0.03,-1.2,-0.02,77.3,3.09
456,Exit long,2026-01-12 03:07,Exit Long,6930,1,6929.5,0.5,0.01,1.7,0.02,-0.3,0.00,77.8,3.11
456,Entry long,2026-01-12 03:03,Long,6929.5,1,6929.5,0.5,0.01,1.7,0.02,-0.3,0.00,77.8,3.11
457,Exit long,2026-01-12 03:52,Exit Long,6926.6,1,6926.6,0,0.00,1.2,0.02,-0.1,0.00,77.8,3.11
457,Entry long,2026-01-12 03:49,Long,6926.6,1,6926.6,0,0.00,1.2,0.02,-0.1,0.00,77.8,3.11
458,Exit long,2026-01-12 04:11,Exit Long,6926,1,6926.6,-0.6,-0.01,0.6,0.01,-0.9,-0.01,77.2,3.09
458,Entry long,2026-01-12 04:07,Long,6926.6,1,6926.6,-0.6,-0.01,0.6,0.01,-0.9,-0.01,77.2,3.09
459,Exit long,2026-01-12 04:25,Exit Long,6926.8,1,6926.3,0.5,0.01,1.7,0.02,-0.8,-0.01,77.7,3.11
459,Entry long,2026-01-12 04:15,Long,6926.3,1,6926.3,0.5,0.01,1.7,0.02,-0.8,-0.01,77.7,3.11
460,Exit long,2026-01-12 05:30,Exit Long,6921.5,1,6921.5,0,0.00,1.2,0.02,-0.2,0.00,77.7,3.11
460,Entry long,2026-01-12 05:27,Long,6921.5,1,6921.5,0,0.00,1.2,0.02,-0.2,0.00,77.7,3.11
461,Exit long,2026-01-12 06:01,Exit Long,6922,1,6921.5,0.5,0.01,1.7,0.02,-2.7,-0.04,78.2,3.13
461,Entry long,2026-01-12 05:35,Long,6921.5,1,6921.5,0.5,0.01,1.7,0.02,-2.7,-0.04,78.2,3.13
462,Exit short,2026-01-12 06:24,Exit Short,6924.5,1,6925.7,1.2,0.02,2.7,0.04,-0.5,-0.01,79.4,3.18
462,Entry short,2026-01-12 06:12,Short,6925.7,1,6925.7,1.2,0.02,2.7,0.04,-0.5,-0.01,79.4,3.18
463,Exit short,2026-01-12 06:35,Exit Short,6924.9,1,6925,0.1,0.00,1.3,0.02,-0.2,0.00,79.5,3.18
463,Entry short,2026-01-12 06:30,Short,6925,1,6925,0.1,0.00,1.3,0.02,-0.2,0.00,79.5,3.18
464,Exit short,2026-01-12 06:57,Exit Short,6925.5,1,6925.7,0.2,0.00,1.4,0.02,-0.8,-0.01,79.7,3.19
464,Entry short,2026-01-12 06:51,Short,6925.7,1,6925.7,0.2,0.00,1.4,0.02,-0.8,-0.01,79.7,3.19
465,Exit short,2026-01-12 07:12,Exit Short,6928.5,1,6928.8,0.3,0.00,1.5,0.02,-1.7,-0.02,80,3.20
465,Entry short,2026-01-12 07:10,Short,6928.8,1,6928.8,0.3,0.00,1.5,0.02,-1.7,-0.02,80,3.20
466,Exit long,2026-01-12 07:51,Exit Long,6925.8,1,6925.8,0,0.00,1.2,0.02,-0.8,-0.01,80,3.20
466,Entry long,2026-01-12 07:46,Long,6925.8,1,6925.8,0,0.00,1.2,0.02,-0.8,-0.01,80,3.20
467,Exit short,2026-01-12 08:07,Exit Short,6930,1,6929.4,-0.6,-0.01,0.6,0.01,-1.4,-0.02,79.4,3.18
467,Entry short,2026-01-12 08:05,Short,6929.4,1,6929.4,-0.6,-0.01,0.6,0.01,-1.4,-0.02,79.4,3.18
468,Exit short,2026-01-12 08:11,Exit Short,6929.7,1,6929.5,-0.2,0.00,1,0.01,-0.3,0.00,79.2,3.17
468,Entry short,2026-01-12 08:09,Short,6929.5,1,6929.5,-0.2,0.00,1,0.01,-0.3,0.00,79.2,3.17
469,Exit long,2026-01-12 08:24,Exit Long,6919.8,1,6919,0.8,0.01,2,0.03,0,0.00,80,3.20
469,Entry long,2026-01-12 08:22,Long,6919,1,6919,0.8,0.01,2,0.03,0,0.00,80,3.20
470,Exit long,2026-01-12 08:29,Exit Long,6918.9,1,6918.8,0.1,0.00,1.3,0.02,0,0.00,80.1,3.20
470,Entry long,2026-01-12 08:28,Long,6918.8,1,6918.8,0.1,0.00,1.3,0.02,0,0.00,80.1,3.20
471,Exit long,2026-01-12 08:35,Exit Long,6914.6,1,6914.5,0.1,0.00,1.3,0.02,-1,-0.01,80.2,3.21
471,Entry long,2026-01-12 08:34,Long,6914.5,1,6914.5,0.1,0.00,1.3,0.02,-1,-0.01,80.2,3.21
472,Exit long,2026-01-12 08:47,Exit Long,6913.8,1,6914,-0.2,0.00,1,0.01,-3.2,-0.05,80,3.20
472,Entry long,2026-01-12 08:39,Long,6914,1,6914,-0.2,0.00,1,0.01,-3.2,-0.05,80,3.20
473,Exit long,2026-01-12 08:54,Exit Long,6914.1,1,6913.6,0.5,0.01,1.7,0.02,-0.6,-0.01,80.5,3.22
473,Entry long,2026-01-12 08:52,Long,6913.6,1,6913.6,0.5,0.01,1.7,0.02,-0.6,-0.01,80.5,3.22
474,Exit short,2026-01-12 10:04,Exit Short,6917.7,1,6917.8,0.1,0.00,1.3,0.02,-1.7,-0.02,80.6,3.22
474,Entry short,2026-01-12 09:56,Short,6917.8,1,6917.8,0.1,0.00,1.3,0.02,-1.7,-0.02,80.6,3.22
475,Exit short,2026-01-12 10:24,Exit Short,6918.2,1,6918,-0.2,0.00,1,0.01,-1,-0.01,80.4,3.22
475,Entry short,2026-01-12 10:21,Short,6918,1,6918,-0.2,0.00,1,0.01,-1,-0.01,80.4,3.22
476,Exit short,2026-01-12 10:38,Exit Short,6920.7,1,6921,0.3,0.00,1.5,0.02,0,0.00,80.7,3.23
476,Entry short,2026-01-12 10:36,Short,6921,1,6921,0.3,0.00,1.5,0.02,0,0.00,80.7,3.23
477,Exit short,2026-01-12 10:48,Exit Short,6920.7,1,6921,0.3,0.00,1.5,0.02,-0.4,-0.01,81,3.24
477,Entry short,2026-01-12 10:44,Short,6921,1,6921,0.3,0.00,1.5,0.02,-0.4,-0.01,81,3.24
478,Exit short,2026-01-12 11:23,Open,6922,1,6920.9,-1.1,-0.02,0,0.00,-3.9,-0.06,79.9,3.20
478,Entry short,2026-01-12 11:10,Short,6920.9,1,6920.9,-1.1,-0.02,0,0.00,-3.9,-0.06,79.9,3.20